{
  "gravity":	{
    "x":	0,
    "y":	-9.8000001907348633,
    "z":	0
  },
  "ads":	{
    "direction":	{
      "x":	0.43999999761581421,
      "y":	-1,
      "z":	-1
    },
    "diffuse":	{
      "x":	0,
      "y":	0,
      "z":	0
    },
    "specular":	{
      "x":	0,
      "y":	0,
      "z":	0
    },
    "ambient":	{
      "x":	0,
      "y":	0,
      "z":	0
    }
  },
  "objects":	[],
  "shaders":	[],
  "scripts":	[],
  "camera":	{
    "position":	{
      "x":	-15.690757751464844,
      "y":	18.722587585449219,
      "z":	23.520915985107422
    },
    "rotation":	{
      "x":	48.000041961669922,
      "y":	27.399904251098633,
      "z":	0
    }
  }
}