{
  "gravity":	{
    "x":	0,
    "y":	-9.8000001907348633,
    "z":	0
  },
  "ads":	{
    "direction":	{
      "x":	-0.17000000178813934,
      "y":	-0.059999998658895493,
      "z":	-1
    },
    "diffuse":	{
      "x":	0,
      "y":	0,
      "z":	0
    },
    "specular":	{
      "x":	0,
      "y":	0,
      "z":	0
    },
    "ambient":	{
      "x":	0,
      "y":	0,
      "z":	0
    }
  },
  "objects":	[],
  "shaders":	[],
  "scripts":	[],
  "camera":	{
    "position":	{
      "x":	-0.03508208692073822,
      "y":	1.8080583810806274,
      "z":	9.9762668609619141
    },
    "rotation":	{
      "x":	12.15018367767334,
      "y":	-1.1001055240631104,
      "z":	0
    }
  }
}