{
  "gravity":	{
    "x":	0,
    "y":	-9.8000001907348633,
    "z":	0
  },
  "ads":	{
    "direction":	{
      "x":	-0.17000000178813934,
      "y":	-0.059999998658895493,
      "z":	-1
    },
    "diffuse":	{
      "x":	0,
      "y":	0,
      "z":	0
    },
    "specular":	{
      "x":	0,
      "y":	0,
      "z":	0
    },
    "ambient":	{
      "x":	0,
      "y":	0,
      "z":	0
    }
  },
  "objects":	[],
  "shaders":	[],
  "scripts":	[],
  "camera":	{
    "position":	{
      "x":	-7.670100212097168,
      "y":	7.9113845825195313,
      "z":	28.153102874755859
    },
    "rotation":	{
      "x":	18.750198364257813,
      "y":	9.2498922348022461,
      "z":	0
    }
  }
}