{
  "gravity":	{
    "x":	0,
    "y":	-9.8000001907348633,
    "z":	0
  },
  "ads":	{
    "direction":	{
      "x":	-0.17000000178813934,
      "y":	-0.059999998658895493,
      "z":	-1
    },
    "diffuse":	{
      "x":	0,
      "y":	0,
      "z":	0
    },
    "specular":	{
      "x":	0,
      "y":	0,
      "z":	0
    },
    "ambient":	{
      "x":	0,
      "y":	0,
      "z":	0
    }
  },
  "objects":	[],
  "shaders":	[],
  "scripts":	[],
  "camera":	{
    "position":	{
      "x":	-7.7216224670410156,
      "y":	12.658566474914551,
      "z":	43.254703521728516
    },
    "rotation":	{
      "x":	9.6751918792724609,
      "y":	15.099894523620605,
      "z":	0
    }
  }
}