{
	"screenshot":	"../assets/screenshots/scene_989152.png",
	"ads":	{
		"direction":	{
			"x":	-1,
			"y":	-0.0099999997764825821,
			"z":	1
		},
		"diffuse":	{
			"x":	0.24590164422988892,
			"y":	0.24590164422988892,
			"z":	0.24590164422988892
		},
		"specular":	{
			"x":	0.049180328845977783,
			"y":	0.027438418939709663,
			"z":	0.0018140292959287763
		},
		"ambient":	{
			"x":	0.35245901346206665,
			"y":	0.14878392219543457,
			"z":	0.15880076587200165
		}
	},
	"objects":	[{
			"name":	"p3",
			"scale":	1,
			"alpha":	1,
			"enabled":	true,
			"position":	{
				"x":	7.4340124130249023,
				"y":	11.316764831542969,
				"z":	1.83713698387146
			},
			"rotation":	{
				"x":	-179.99998474121094,
				"y":	89.999992370605469,
				"z":	-179.99998474121094
			},
			"renderSettings":	{
				"blend":	true,
				"culling":	true,
				"depthTest":	true,
				"writeDepth":	true,
				"shadowMap":	true,
				"blend_function_src":	771,
				"blend_function_dst":	771
			},
			"isCollisionsEnabled":	false,
			"scripts":	[{
					"codeFile":	"",
					"typesFile":	"",
					"name":	"Rotate from object",
					"types":	[]
				}],
			"ambient":	{
				"x":	0.05000000074505806,
				"y":	0.05000000074505806,
				"z":	0.05000000074505806
			},
			"diffuse":	{
				"x":	0.35245907306671143,
				"y":	1,
				"z":	0
			},
			"specular":	{
				"x":	1,
				"y":	1,
				"z":	1
			},
			"constant":	0.25999999046325684,
			"linear":	0.090000003576278687,
			"quadratic":	0.032000001519918442,
			"type":	4
		}, {
			"name":	"axis",
			"scale":	1,
			"alpha":	1,
			"enabled":	true,
			"position":	{
				"x":	0,
				"y":	0,
				"z":	0
			},
			"rotation":	{
				"x":	0,
				"y":	-0,
				"z":	0
			},
			"renderSettings":	{
				"blend":	true,
				"culling":	true,
				"depthTest":	true,
				"writeDepth":	true,
				"shadowMap":	true,
				"blend_function_src":	771,
				"blend_function_dst":	771
			},
			"isCollisionsEnabled":	true,
			"collider":	{
				"mode":	1,
				"shape":	2,
				"friction":	1,
				"mass":	0,
				"margin":	0.0040000001899898052,
				"ccdMotionThreshold":	0,
				"ccdSweptSphereRadius":	0,
				"linearDamping":	1,
				"angularDamping":	1,
				"restitution":	0,
				"colliderStatic":	true,
				"simpleShapeSize":	{
					"x":	1,
					"y":	1,
					"z":	1
				},
				"kinematicCapsuleSize":	{
					"x":	1,
					"y":	3
				},
				"angularFactor":	{
					"x":	1,
					"y":	1,
					"z":	1
				},
				"linearFactor":	{
					"x":	1,
					"y":	1,
					"z":	1
				}
			},
			"scripts":	[],
			"model":	"../assets/models//StudioCorner.fbx",
			"enableLights":	true,
			"shaders":	[],
			"type":	2
		}, {
			"name":	"pawn",
			"scale":	1,
			"alpha":	1,
			"enabled":	true,
			"position":	{
				"x":	-4.0576009750366211,
				"y":	1.6743474006652832,
				"z":	1.83713698387146
			},
			"rotation":	{
				"x":	0,
				"y":	-0,
				"z":	0
			},
			"renderSettings":	{
				"blend":	true,
				"culling":	true,
				"depthTest":	true,
				"writeDepth":	true,
				"shadowMap":	true,
				"blend_function_src":	771,
				"blend_function_dst":	771
			},
			"isCollisionsEnabled":	false,
			"scripts":	[],
			"model":	"../assets/models//ChessPawn.fbx",
			"enableLights":	true,
			"shaders":	[],
			"type":	2
		}, {
			"name":	"p2",
			"scale":	1,
			"alpha":	1,
			"enabled":	true,
			"position":	{
				"x":	-9.05780029296875,
				"y":	10.334745407104492,
				"z":	1.83713698387146
			},
			"rotation":	{
				"x":	-179.99998474121094,
				"y":	89.999992370605469,
				"z":	-179.99998474121094
			},
			"renderSettings":	{
				"blend":	true,
				"culling":	true,
				"depthTest":	true,
				"writeDepth":	true,
				"shadowMap":	true,
				"blend_function_src":	771,
				"blend_function_dst":	771
			},
			"isCollisionsEnabled":	false,
			"scripts":	[{
					"codeFile":	"",
					"typesFile":	"",
					"name":	"Rotate from object",
					"types":	[]
				}],
			"ambient":	{
				"x":	0.05000000074505806,
				"y":	0.05000000074505806,
				"z":	0.05000000074505806
			},
			"diffuse":	{
				"x":	0,
				"y":	0.43442630767822266,
				"z":	1
			},
			"specular":	{
				"x":	1,
				"y":	1,
				"z":	1
			},
			"constant":	0.23999999463558197,
			"linear":	0.090000003576278687,
			"quadratic":	0.032000001519918442,
			"type":	4
		}, {
			"name":	"p1",
			"scale":	1,
			"alpha":	1,
			"enabled":	true,
			"position":	{
				"x":	-8.7564201354980469,
				"y":	-0.035857319831848145,
				"z":	1.83713698387146
			},
			"rotation":	{
				"x":	-179.99998474121094,
				"y":	89.999992370605469,
				"z":	-179.99998474121094
			},
			"renderSettings":	{
				"blend":	true,
				"culling":	true,
				"depthTest":	true,
				"writeDepth":	true,
				"shadowMap":	true,
				"blend_function_src":	771,
				"blend_function_dst":	771
			},
			"isCollisionsEnabled":	false,
			"scripts":	[{
					"codeFile":	"",
					"typesFile":	"",
					"name":	"Rotate from object",
					"types":	[]
				}],
			"ambient":	{
				"x":	0.16803276538848877,
				"y":	0.16803276538848877,
				"z":	0.16803276538848877
			},
			"diffuse":	{
				"x":	0.89754098653793335,
				"y":	0.19863609969615936,
				"z":	0
			},
			"specular":	{
				"x":	1,
				"y":	1,
				"z":	1
			},
			"constant":	0.19999900460243225,
			"linear":	0.090000003576278687,
			"quadratic":	0.0099999997764825821,
			"type":	4
		}],
	"shaders":	[],
	"scripts":	[],
	"camera":	{
		"position":	{
			"x":	-22.206930160522461,
			"y":	3.4303276538848877,
			"z":	16.034770965576172
		},
		"rotation":	{
			"x":	19.199893951416016,
			"y":	53.949901580810547,
			"z":	0
		}
	}
}