{
	"gravity":	{
		"x":	0,
		"y":	-14,
		"z":	0
	},
	"ads":	{
		"direction":	{
			"x":	-0.15999999642372131,
			"y":	-0.60000002384185791,
			"z":	1
		},
		"diffuse":	{
			"x":	0.85655736923217773,
			"y":	0.60029226541519165,
			"z":	0.60029226541519165
		},
		"specular":	{
			"x":	0.73770493268966675,
			"y":	0.69864875078201294,
			"z":	0.14209890365600586
		},
		"ambient":	{
			"x":	0.6598360538482666,
			"y":	0.17577598989009857,
			"z":	0.17577598989009857
		}
	},
	"objects":	[{
			"name":	"capsule",
			"scale":	1,
			"position":	{
				"x":	-45.03961181640625,
				"y":	7.5103979110717773,
				"z":	-43.206348419189453
			},
			"rotation":	{
				"x":	-0.10652807354927063,
				"y":	0.16771940886974335,
				"z":	0.039835672825574875
			},
			"isCollisionsEnabled":	true,
			"collider":	{
				"mode":	1,
				"shape":	1,
				"friction":	0.5,
				"mass":	75,
				"margin":	0.0040000001899898052,
				"ccdMotionThreshold":	0.0099999997764825821,
				"ccdSweptSphereRadius":	0.039999999105930328,
				"linearDamping":	0,
				"angularDamping":	0,
				"restitution":	0,
				"colliderStatic":	false,
				"simpleShapeSize":	{
					"x":	0.5010833740234375,
					"y":	0.90139126777648926,
					"z":	0.50154876708984375
				},
				"kinematicCapsuleSize":	{
					"x":	0.5,
					"y":	1
				},
				"angularFactor":	{
					"x":	0,
					"y":	0,
					"z":	0
				},
				"linearFactor":	{
					"x":	1,
					"y":	1,
					"z":	0
				}
			},
			"scripts":	[],
			"shaders":	[],
			"model":	"../assets/models//Capsule.fbx",
			"enableLights":	false,
			"type":	"Mesh3D"
		}, {
			"name":	"character",
			"scale":	1,
			"position":	{
				"x":	-20.573619842529297,
				"y":	-3.8257977962493896,
				"z":	-43.0359992980957
			},
			"rotation":	{
				"x":	0,
				"y":	-0,
				"z":	0
			},
			"isCollisionsEnabled":	true,
			"collider":	{
				"mode":	1,
				"shape":	1,
				"friction":	0.5,
				"mass":	75,
				"margin":	0.0040000001899898052,
				"ccdMotionThreshold":	0,
				"ccdSweptSphereRadius":	0,
				"linearDamping":	0,
				"angularDamping":	0,
				"restitution":	0,
				"colliderStatic":	false,
				"simpleShapeSize":	{
					"x":	1,
					"y":	1,
					"z":	1
				},
				"kinematicCapsuleSize":	{
					"x":	0.20000000298023224,
					"y":	1
				},
				"angularFactor":	{
					"x":	0,
					"y":	0,
					"z":	0
				},
				"linearFactor":	{
					"x":	1,
					"y":	1,
					"z":	0
				}
			},
			"scripts":	[{
					"name":	"../assets/scripts/Controllers/RigidBodyPlatformsController.lua",
					"types":	[{
							"name":	"maxSpeed",
							"type":	"float",
							"value":	3.5
						}, {
							"name":	"speed",
							"type":	"float",
							"value":	50
						}, {
							"name":	"jumpForce",
							"type":	"float",
							"value":	750
						}, {
							"name":	"lengthRay",
							"type":	"float",
							"value":	0.90000009536743164
						}, {
							"name":	"airControlFactor",
							"type":	"float",
							"value":	0.20000000298023224
						}, {
							"name":	"cameraOffset",
							"type":	"Vertex3D",
							"value":	{
								"x":	0,
								"y":	0,
								"z":	15
							}
						}, {
							"name":	"colliderOffset",
							"type":	"Vertex3D",
							"value":	{
								"x":	-0.10000000149011612,
								"y":	0.800000011920929,
								"z":	0
							}
						}]
				}],
			"shaders":	[],
			"model":	"../assets/animations//character.fbx",
			"enableLights":	false,
			"animationSpeed":	1,
			"type":	"Mesh3DAnimation"
		}, {
			"name":	"floor",
			"scale":	1,
			"position":	{
				"x":	-41.310626983642578,
				"y":	-7.5259437561035156,
				"z":	-44
			},
			"rotation":	{
				"x":	0,
				"y":	-0,
				"z":	0
			},
			"isCollisionsEnabled":	true,
			"collider":	{
				"mode":	1,
				"shape":	2,
				"friction":	1,
				"mass":	0,
				"margin":	0,
				"ccdMotionThreshold":	0,
				"ccdSweptSphereRadius":	0,
				"linearDamping":	1,
				"angularDamping":	1,
				"restitution":	0,
				"colliderStatic":	true,
				"simpleShapeSize":	{
					"x":	1,
					"y":	1,
					"z":	1
				},
				"kinematicCapsuleSize":	{
					"x":	0.5,
					"y":	1.7999999523162842
				},
				"angularFactor":	{
					"x":	0,
					"y":	0,
					"z":	0
				},
				"linearFactor":	{
					"x":	0,
					"y":	0,
					"z":	0
				}
			},
			"scripts":	[],
			"shaders":	[],
			"model":	"../assets/models//PlatformLevels/level01.fbx",
			"enableLights":	false,
			"type":	"Mesh3D"
		}, {
			"name":	"StartPosition",
			"scale":	1,
			"position":	{
				"x":	-46.686080932617188,
				"y":	19.659019470214844,
				"z":	-43.0359992980957
			},
			"rotation":	{
				"x":	0,
				"y":	-0,
				"z":	0
			},
			"isCollisionsEnabled":	false,
			"scripts":	[{
					"name":	"../assets/scripts/Examples/Commons/StartPositionObject.lua",
					"types":	[{
							"name":	"objectToMove",
							"type":	"string",
							"value":	"character"
						}, {
							"name":	"positionOffset",
							"type":	"Vertex3D",
							"value":	{
								"x":	0,
								"y":	0,
								"z":	5
							}
						}]
				}],
			"type":	"Object3D"
		}],
	"shaders":	[],
	"scripts":	[{
			"name":	"../assets/scripts/Examples/Commons/SideScrollCamera.lua"
		}],
	"camera":	{
		"position":	{
			"x":	-19.002128601074219,
			"y":	0.18031477928161621,
			"z":	5.6790966987609863
		},
		"rotation":	{
			"x":	6.7999887466430664,
			"y":	-362.60150146484375,
			"z":	0
		}
	}
}