{
	"name":	"Brakeza3D - Demo Menú Person <eduardo@brakeza.com>",
	"gravity":	{
		"x":	0,
		"y":	-18.799999237060547,
		"z":	0
	},
	"ads":	{
		"direction":	{
			"x":	-0.15999999642372131,
			"y":	-0.60000002384185791,
			"z":	1
		},
		"diffuse":	{
			"x":	0.85655736923217773,
			"y":	0.60029226541519165,
			"z":	0.60029226541519165
		},
		"specular":	{
			"x":	0.73770493268966675,
			"y":	0.69864875078201294,
			"z":	0.14209890365600586
		},
		"ambient":	{
			"x":	0.6598360538482666,
			"y":	0.17577598989009857,
			"z":	0.17577598989009857
		}
	},
	"objects":	[],
	"shaders":	[],
	"scripts":	[{
			"codeFile":	"../assets/scripts/Demos/GlobalScripts/MenuDemo.lua",
			"typesFile":	"../assets/scripts/Demos/GlobalScripts/MenuDemo.json",
			"name":	"MenuDemo",
			"types": []
		}],
	"camera":	{
		"position":	{
			"x":	-47.59503173828125,
			"y":	-13.776888847351074,
			"z":	-34.641162872314453
		},
		"rotation":	{
			"x":	6.5999999046325684,
			"y":	69.800003051757813,
			"z":	0
		}
	}
}