{
	"gravity":	{
		"x":	0,
		"y":	-9.8000001907348633,
		"z":	0
	},
	"ads":	{
		"direction":	{
			"x":	-0.15999999642372131,
			"y":	-0.60000002384185791,
			"z":	1
		},
		"diffuse":	{
			"x":	0.85655736923217773,
			"y":	0.60029226541519165,
			"z":	0.60029226541519165
		},
		"specular":	{
			"x":	0.73770493268966675,
			"y":	0.69864875078201294,
			"z":	0.14209890365600586
		},
		"ambient":	{
			"x":	0.6598360538482666,
			"y":	0.17577598989009857,
			"z":	0.17577598989009857
		}
	},
	"objects":	[{
			"name":	"capsule",
			"scale":	1,
			"position":	{
				"x":	-36.385871887207031,
				"y":	-4.64385986328125,
				"z":	-43.342765808105469
			},
			"rotation":	{
				"x":	-0.10607839375734329,
				"y":	0.16687020659446716,
				"z":	0.039704617112874985
			},
			"isCollisionsEnabled":	true,
			"collider":	{
				"mode":	1,
				"shape":	1,
				"friction":	0.5,
				"mass":	75,
				"margin":	0.0040000001899898052,
				"ccdMotionThreshold":	0.0099999997764825821,
				"ccdSweptSphereRadius":	0.039999999105930328,
				"linearDamping":	0,
				"angularDamping":	0,
				"restitution":	0,
				"colliderStatic":	false,
				"simpleShapeSize":	{
					"x":	0.5010833740234375,
					"y":	0.90139126777648926,
					"z":	0.50154876708984375
				},
				"kinematicCapsuleSize":	{
					"x":	0.5,
					"y":	1
				},
				"angularFactor":	{
					"x":	0,
					"y":	0,
					"z":	0
				},
				"linearFactor":	{
					"x":	1,
					"y":	1,
					"z":	0
				}
			},
			"scripts":	[],
			"shaders":	[],
			"model":	"../assets/models//Capsule.fbx",
			"enableLights":	false,
			"type":	"Mesh3D"
		}, {
			"name":	"floor",
			"scale":	1,
			"position":	{
				"x":	-38.931137084960938,
				"y":	-12.569705963134766,
				"z":	-43.248760223388672
			},
			"rotation":	{
				"x":	0,
				"y":	-0,
				"z":	0
			},
			"isCollisionsEnabled":	true,
			"collider":	{
				"mode":	1,
				"shape":	2,
				"friction":	1,
				"mass":	0,
				"margin":	0.0040000001899898052,
				"ccdMotionThreshold":	0,
				"ccdSweptSphereRadius":	0,
				"linearDamping":	1,
				"angularDamping":	1,
				"restitution":	0,
				"colliderStatic":	true,
				"simpleShapeSize":	{
					"x":	1,
					"y":	1,
					"z":	1
				},
				"kinematicCapsuleSize":	{
					"x":	0.5,
					"y":	1.5
				},
				"angularFactor":	{
					"x":	0,
					"y":	0,
					"z":	0
				},
				"linearFactor":	{
					"x":	0,
					"y":	0,
					"z":	0
				}
			},
			"scripts":	[],
			"shaders":	[],
			"model":	"../assets/models//DevLevelPlatforms.fbx",
			"enableLights":	false,
			"type":	"Mesh3D"
		}, {
			"name":	"character",
			"scale":	1,
			"position":	{
				"x":	-42.863319396972656,
				"y":	-6.74620246887207,
				"z":	-43.087764739990234
			},
			"rotation":	{
				"x":	0.010021318681538105,
				"y":	0.010025156661868095,
				"z":	0.010007506236433983
			},
			"isCollisionsEnabled":	true,
			"collider":	{
				"mode":	1,
				"shape":	1,
				"friction":	0.5,
				"mass":	75,
				"margin":	0.0040000001899898052,
				"ccdMotionThreshold":	0,
				"ccdSweptSphereRadius":	0,
				"linearDamping":	0,
				"angularDamping":	0,
				"restitution":	0,
				"colliderStatic":	false,
				"simpleShapeSize":	{
					"x":	1,
					"y":	1,
					"z":	1
				},
				"kinematicCapsuleSize":	{
					"x":	0.25,
					"y":	1.2000000476837158
				},
				"angularFactor":	{
					"x":	0,
					"y":	0,
					"z":	0
				},
				"linearFactor":	{
					"x":	1,
					"y":	1,
					"z":	0
				}
			},
			"scripts":	[{
					"name":	"../assets/scripts/Controllers/RigidBodyPlatformsController.lua",
					"types":	[{
							"name":	"maxSpeed",
							"type":	"float",
							"value":	3.5
						}, {
							"name":	"speed",
							"type":	"float",
							"value":	50
						}, {
							"name":	"jumpForce",
							"type":	"float",
							"value":	750
						}, {
							"name":	"lengthRay",
							"type":	"float",
							"value":	0.90000009536743164
						}, {
							"name":	"airControlFactor",
							"type":	"float",
							"value":	0.20000000298023224
						}, {
							"name":	"cameraOffset",
							"type":	"Vertex3D",
							"value":	{
								"x":	0,
								"y":	0,
								"z":	15
							}
						}, {
							"name":	"colliderOffset",
							"type":	"Vertex3D",
							"value":	{
								"x":	-0.10000000149011612,
								"y":	0.800000011920929,
								"z":	0
							}
						}]
				}],
			"shaders":	[],
			"model":	"../assets/animations//character.fbx",
			"enableLights":	false,
			"animationSpeed":	1,
			"type":	"Mesh3DAnimation"
		}],
	"shaders":	[],
	"scripts":	[],
	"camera":	{
		"position":	{
			"x":	-42.860691070556641,
			"y":	-6.7437381744384766,
			"z":	-28.063510894775391
		},
		"rotation":	{
			"x":	8.19996166229248,
			"y":	-363.80010986328125,
			"z":	0
		}
	}
}