{
	"gravity":	{
		"x":	0,
		"y":	-9.8000001907348633,
		"z":	0
	},
	"ads":	{
		"direction":	{
			"x":	-0.15999999642372131,
			"y":	-0.60000002384185791,
			"z":	1
		},
		"diffuse":	{
			"x":	0.85655736923217773,
			"y":	0.60029226541519165,
			"z":	0.60029226541519165
		},
		"specular":	{
			"x":	0.73770493268966675,
			"y":	0.69864875078201294,
			"z":	0.14209890365600586
		},
		"ambient":	{
			"x":	0.6598360538482666,
			"y":	0.17577598989009857,
			"z":	0.17577598989009857
		}
	},
	"objects":	[{
			"name":	"capsule",
			"scale":	1,
			"position":	{
				"x":	-36.313961029052734,
				"y":	1.5776674747467041,
				"z":	-43.342765808105469
			},
			"rotation":	{
				"x":	-0.10587466508150101,
				"y":	0.16648571193218231,
				"z":	0.03964078426361084
			},
			"isCollisionsEnabled":	true,
			"collider":	{
				"mode":	1,
				"shape":	1,
				"friction":	0.5,
				"mass":	75,
				"margin":	0.0040000001899898052,
				"ccdMotionThreshold":	0.0099999997764825821,
				"ccdSweptSphereRadius":	0.039999999105930328,
				"linearDamping":	0,
				"angularDamping":	0,
				"restitution":	0.5,
				"colliderStatic":	false,
				"colliderOffset":	{
					"y":	0,
					"x":	0,
					"z":	0
				},
				"simpleShapeSize":	{
					"x":	0.5010833740234375,
					"y":	0.90139126777648926,
					"z":	0.50154876708984375
				},
				"kinematicCapsuleSize":	{
					"x":	0.5,
					"y":	1
				},
				"angularFactor":	{
					"x":	0,
					"y":	0,
					"z":	0
				},
				"linearFactor":	{
					"x":	1,
					"y":	1,
					"z":	0
				}
			},
			"scripts":	[],
			"shaders":	[],
			"model":	"../assets/models//Capsule.fbx",
			"enableLights":	false,
			"type":	"Mesh3D"
		}, {
			"name":	"floor",
			"scale":	1,
			"position":	{
				"x":	-38.931137084960938,
				"y":	-12.569705963134766,
				"z":	-43.248760223388672
			},
			"rotation":	{
				"x":	0,
				"y":	-0,
				"z":	0
			},
			"isCollisionsEnabled":	true,
			"collider":	{
				"mode":	1,
				"shape":	2,
				"friction":	1,
				"mass":	0,
				"margin":	0.0040000001899898052,
				"ccdMotionThreshold":	0,
				"ccdSweptSphereRadius":	0,
				"linearDamping":	1,
				"angularDamping":	1,
				"restitution":	0,
				"colliderStatic":	true,
				"colliderOffset":	{
					"y":	0,
					"x":	0,
					"z":	0
				},
				"simpleShapeSize":	{
					"x":	1,
					"y":	1,
					"z":	1
				},
				"kinematicCapsuleSize":	{
					"x":	0.5,
					"y":	1.5
				},
				"angularFactor":	{
					"x":	0,
					"y":	0,
					"z":	0
				},
				"linearFactor":	{
					"x":	0,
					"y":	0,
					"z":	0
				}
			},
			"scripts":	[],
			"shaders":	[],
			"model":	"../assets/models//DevLevelPlatforms.fbx",
			"enableLights":	false,
			"type":	"Mesh3D"
		}, {
			"name":	"character",
			"scale":	1,
			"position":	{
				"x":	-39.153533935546875,
				"y":	-0.40146929025650024,
				"z":	-43.084999084472656
			},
			"rotation":	{
				"x":	0.0099999997764825821,
				"y":	0.0099999997764825821,
				"z":	0.0099892709404230118
			},
			"isCollisionsEnabled":	true,
			"collider":	{
				"mode":	1,
				"shape":	1,
				"friction":	0.5,
				"mass":	75,
				"margin":	0.0040000001899898052,
				"ccdMotionThreshold":	0,
				"ccdSweptSphereRadius":	0,
				"linearDamping":	0,
				"angularDamping":	0,
				"restitution":	0.5,
				"colliderStatic":	false,
				"colliderOffset":	{
					"y":	1.2000000476837158,
					"x":	0,
					"z":	0
				},
				"simpleShapeSize":	{
					"x":	1,
					"y":	1,
					"z":	1
				},
				"kinematicCapsuleSize":	{
					"x":	0.5,
					"y":	1.2999999523162842
				},
				"angularFactor":	{
					"x":	0,
					"y":	0,
					"z":	0
				},
				"linearFactor":	{
					"x":	1,
					"y":	1,
					"z":	0
				}
			},
			"scripts":	[{
					"name":	"../assets/scripts/Controllers/RigidBodyPlatformsController.lua",
					"types":	[{
							"name":	"maxSpeed",
							"type":	"float",
							"value":	3.5
						}, {
							"name":	"speed",
							"type":	"float",
							"value":	200
						}, {
							"name":	"jumpForce",
							"type":	"float",
							"value":	750
						}, {
							"name":	"lengthRay",
							"type":	"float",
							"value":	1.2999999523162842
						}, {
							"name":	"airControlFactor",
							"type":	"float",
							"value":	0.20000000298023224
						}, {
							"name":	"cameraOffset",
							"type":	"Vertex3D",
							"value":	{
								"x":	0,
								"y":	0,
								"z":	20
							}
						}, {
							"name":	"colliderOffset",
							"type":	"Vertex3D",
							"value":	{
								"x":	0,
								"y":	1.2,
								"z":	0
							}
						}]
				}],
			"shaders":	[],
			"model":	"../assets/animations//character.fbx",
			"enableLights":	false,
			"animationSpeed":	1,
			"type":	"Mesh3DAnimation"
		}],
	"shaders":	[],
	"scripts":	[],
	"camera":	{
		"position":	{
			"x":	-40.668354034423828,
			"y":	-4.87210750579834,
			"z":	-63.234405517578125
		},
		"rotation":	{
			"x":	6.399958610534668,
			"y":	-176.40013122558594,
			"z":	0
		}
	}
}