{
	"gravity":	{
		"x":	0,
		"y":	-9.8000001907348633,
		"z":	0
	},
	"ads":	{
		"direction":	{
			"x":	0.43999999761581421,
			"y":	-1,
			"z":	-1
		},
		"diffuse":	{
			"x":	0,
			"y":	0,
			"z":	0
		},
		"specular":	{
			"x":	0,
			"y":	0,
			"z":	0
		},
		"ambient":	{
			"x":	0,
			"y":	0,
			"z":	0
		}
	},
	"objects":	[{
			"name":	"Mesh3DAnimation_100",
			"scale":	1,
			"position":	{
				"x":	-9.4425344467163086,
				"y":	11.697525978088379,
				"z":	34.813266754150391
			},
			"rotation":	{
				"x":	0,
				"y":	-0,
				"z":	0
			},
			"isCollisionsEnabled":	false,
			"scripts":	[],
			"shaders":	[],
			"model":	"../assets/animations//dummy.fbx",
			"enableLights":	false,
			"animationSpeed":	0.5,
			"type":	"Mesh3DAnimation"
		}],
	"shaders":	[],
	"scripts":	[],
	"camera":	{
		"position":	{
			"x":	-9.4818019866943359,
			"y":	12.057259559631348,
			"z":	36.5636100769043
		},
		"rotation":	{
			"x":	-26.200027465820313,
			"y":	1.8000004291534424,
			"z":	0
		}
	}
}