{
	"gravity":	{
		"x":	0,
		"y":	9.8000001907348633,
		"z":	0
	},
	"ads":	{
		"direction":	{
			"x":	0.43999999761581421,
			"y":	0.5,
			"z":	-1
		},
		"diffuse":	{
			"x":	0.7295081615447998,
			"y":	0.59697723388671875,
			"z":	0.22423405945301056
		},
		"specular":	{
			"x":	1,
			"y":	0.99462509155273438,
			"z":	0.91803276538848877
		},
		"ambient":	{
			"x":	1,
			"y":	1,
			"z":	1
		}
	},
	"objects":	[{
			"name":	"dummy",
			"scale":	0.079999998211860657,
			"position":	{
				"x":	-36.335319519042969,
				"y":	-19.417604446411133,
				"z":	-17.437896728515625
			},
			"rotation":	{
				"x":	178.36726379394531,
				"y":	71.4738540649414,
				"z":	-1.0040801043942338e-06
			},
			"isCollisionsEnabled":	false,
			"scripts":	[],
			"shaders":	[],
			"model":	"../assets/animations//dummy.fbx",
			"enableLights":	false,
			"animationSpeed":	1,
			"type":	"Mesh3DAnimation"
		}, {
			"name":	"beach",
			"scale":	4.0900001525878906,
			"position":	{
				"x":	-8.9916477203369141,
				"y":	-27.002490997314453,
				"z":	-3.0704092979431152
			},
			"rotation":	{
				"x":	0,
				"y":	-0,
				"z":	0
			},
			"isCollisionsEnabled":	false,
			"scripts":	[],
			"width":	10,
			"height":	10,
			"image":	"../assets/images/beach.png",
			"type":	"Image3D"
		}],
	"shaders":	[],
	"scripts":	[],
	"camera":	{
		"position":	{
			"x":	-71.254081726074219,
			"y":	-31.174953460693359,
			"z":	-43.190868377685547
		},
		"rotation":	{
			"x":	14.099992752075195,
			"y":	-51.049983978271484,
			"z":	0
		}
	}
}