{
	"gravity":	{
		"x":	0,
		"y":	9.8000001907348633,
		"z":	0
	},
	"ads":	{
		"direction":	{
			"x":	1,
			"y":	0.23999999463558197,
			"z":	-1
		},
		"diffuse":	{
			"x":	0.38860523700714111,
			"y":	0.39272892475128174,
			"z":	0.39344263076782227
		},
		"specular":	{
			"x":	0.75819671154022217,
			"y":	0.059039928019046783,
			"z":	0.71235042810440063
		},
		"ambient":	{
			"x":	0.85245901346206665,
			"y":	0.44696244597435,
			"z":	0.2340768426656723
		}
	},
	"objects":	[{
			"name":	"axis",
			"scale":	1,
			"position":	{
				"x":	0,
				"y":	0,
				"z":	0
			},
			"rotation":	{
				"x":	0,
				"y":	-0,
				"z":	0
			},
			"isCollisionsEnabled":	true,
			"collider":	{
				"mode":	1,
				"shape":	1,
				"friction":	1,
				"mass":	0,
				"colliderStatic":	true,
				"simpleShapeSize":	{
					"x":	1,
					"y":	1,
					"z":	1
				},
				"kinematicCapsuleSize":	{
					"x":	1,
					"y":	3
				},
				"angularFactor":	{
					"x":	1,
					"y":	1,
					"z":	1
				},
				"linearFactor":	{
					"x":	1,
					"y":	1,
					"z":	1
				}
			},
			"scripts":	[],
			"effects":	[],
			"model":	"../assets/models//StudioCorner.fbx",
			"enableLights":	false,
			"type":	"Mesh3D"
		}, {
			"name":	"pointlight",
			"scale":	1,
			"position":	{
				"x":	3.949927806854248,
				"y":	2.9810390472412109,
				"z":	5.3857860565185547
			},
			"rotation":	{
				"x":	0,
				"y":	-0,
				"z":	0
			},
			"isCollisionsEnabled":	false,
			"scripts":	[],
			"effects":	[],
			"ambient":	{
				"x":	1,
				"y":	1,
				"z":	1
			},
			"diffuse":	{
				"x":	0.89754098653793335,
				"y":	0.19863609969615936,
				"z":	0
			},
			"specular":	{
				"x":	1,
				"y":	1,
				"z":	1
			},
			"constant":	6.8299989700317383,
			"linear":	-3.4100000858306885,
			"quadratic":	0.57999998331069946,
			"type":	"LightPoint3D"
		}, {
			"name":	"cube",
			"scale":	1.4600000381469727,
			"position":	{
				"x":	-10.812793731689453,
				"y":	1.0789182186126709,
				"z":	6.0140156745910645
			},
			"rotation":	{
				"x":	0,
				"y":	-0,
				"z":	0
			},
			"isCollisionsEnabled":	false,
			"scripts":	[],
			"effects":	[],
			"model":	"../assets/models//RoundedRedCube.fbx",
			"enableLights":	false,
			"type":	"Mesh3D"
		}, {
			"name":	"spaceshuttle",
			"scale":	1.6000000238418579,
			"position":	{
				"x":	4.44293212890625,
				"y":	-0.31813177466392517,
				"z":	3.9090619087219238
			},
			"rotation":	{
				"x":	-135.95924377441406,
				"y":	-87.078178405761719,
				"z":	177.36793518066406
			},
			"isCollisionsEnabled":	false,
			"scripts":	[],
			"effects":	[],
			"model":	"../assets/models//SpaceShuttle.fbx",
			"enableLights":	false,
			"type":	"Mesh3D"
		}, {
			"name":	"eye",
			"scale":	2.3499999046325684,
			"position":	{
				"x":	4.14270544052124,
				"y":	2.1814339160919189,
				"z":	-2.8381218910217285
			},
			"rotation":	{
				"x":	-16.499849319458008,
				"y":	-60.074367523193359,
				"z":	26.25836181640625
			},
			"isCollisionsEnabled":	false,
			"scripts":	[],
			"effects":	[],
			"model":	"../assets/models//Eye.fbx",
			"enableLights":	false,
			"type":	"Mesh3D"
		}, {
			"name":	"stairs",
			"scale":	1,
			"position":	{
				"x":	-12.997446060180664,
				"y":	2.58341121673584,
				"z":	-4.70191764831543
			},
			"rotation":	{
				"x":	90,
				"y":	-5.0089556680177338e-06,
				"z":	5.0081880544894375e-06
			},
			"isCollisionsEnabled":	true,
			"collider":	{
				"mode":	1,
				"shape":	1,
				"friction":	1,
				"mass":	0,
				"colliderStatic":	true,
				"simpleShapeSize":	{
					"x":	1,
					"y":	1,
					"z":	1
				},
				"kinematicCapsuleSize":	{
					"x":	1,
					"y":	3
				},
				"angularFactor":	{
					"x":	1,
					"y":	1,
					"z":	1
				},
				"linearFactor":	{
					"x":	1,
					"y":	1,
					"z":	1
				}
			},
			"scripts":	[],
			"effects":	[],
			"model":	"../assets/models//Stairs.fbx",
			"enableLights":	false,
			"type":	"Mesh3D"
		}, {
			"name":	"spotlight",
			"scale":	1,
			"position":	{
				"x":	-10.619564056396484,
				"y":	2.7277815341949463,
				"z":	1.0472557544708252
			},
			"rotation":	{
				"x":	0,
				"y":	-0,
				"z":	0
			},
			"isCollisionsEnabled":	false,
			"scripts":	[],
			"effects":	[],
			"ambient":	{
				"x":	0.05000000074505806,
				"y":	0.05000000074505806,
				"z":	0.05000000074505806
			},
			"diffuse":	{
				"x":	1,
				"y":	0,
				"z":	0
			},
			"specular":	{
				"x":	1,
				"y":	1,
				"z":	1
			},
			"constant":	1,
			"linear":	0.090000003576278687,
			"quadratic":	0.032000001519918442,
			"cutOff":	0.99984776973724365,
			"outerCutOff":	0.99984776973724365,
			"type":	"SpotLight3D"
		}, {
			"name":	"pawn",
			"scale":	1,
			"position":	{
				"x":	-5.670924186706543,
				"y":	1.6743474006652832,
				"z":	1.83713698387146
			},
			"rotation":	{
				"x":	0,
				"y":	-0,
				"z":	0
			},
			"isCollisionsEnabled":	false,
			"scripts":	[],
			"effects":	[],
			"model":	"../assets/models//ChessPawn.fbx",
			"enableLights":	false,
			"type":	"Mesh3D"
		}],
	"shaders":	[],
	"scripts":	[],
	"camera":	{
		"position":	{
			"x":	-21.371847152709961,
			"y":	-11.539801597595215,
			"z":	-12.135481834411621
		},
		"rotation":	{
			"x":	39.700004577636719,
			"y":	-50.649982452392578,
			"z":	0
		}
	}
}