{
	"gravity":	{
		"x":	0,
		"y":	-9.8000001907348633,
		"z":	0
	},
	"ads":	{
		"direction":	{
			"x":	0.43999999761581421,
			"y":	0.5,
			"z":	-1
		},
		"diffuse":	{
			"x":	0,
			"y":	0,
			"z":	0
		},
		"specular":	{
			"x":	0,
			"y":	0,
			"z":	0
		},
		"ambient":	{
			"x":	0,
			"y":	0,
			"z":	0
		}
	},
	"objects":	[{
			"name":	"axis",
			"scale":	1,
			"position":	{
				"x":	0,
				"y":	0,
				"z":	0
			},
			"rotation":	{
				"x":	0,
				"y":	-0,
				"z":	0
			},
			"isCollisionsEnabled":	true,
			"collider":	{
				"mode":	1,
				"shape":	1,
				"friction":	1,
				"mass":	0,
				"colliderStatic":	true,
				"simpleShapeSize":	{
					"x":	1,
					"y":	1,
					"z":	1
				},
				"kinematicCapsuleSize":	{
					"x":	1,
					"y":	3
				},
				"angularFactor":	{
					"x":	1,
					"y":	1,
					"z":	1
				},
				"linearFactor":	{
					"x":	1,
					"y":	1,
					"z":	1
				}
			},
			"scripts":	[],
			"shaders":	[],
			"model":	"../assets/models//StudioCorner.fbx",
			"enableLights":	false,
			"type":	"Mesh3D"
		}, {
			"name":	"pointlight",
			"scale":	1,
			"position":	{
				"x":	-5.2577056884765625,
				"y":	-3.6370258331298828,
				"z":	0.63512110710144043
			},
			"rotation":	{
				"x":	0,
				"y":	-0,
				"z":	0
			},
			"isCollisionsEnabled":	false,
			"scripts":	[],
			"ambient":	{
				"x":	0.43032753467559814,
				"y":	0,
				"z":	0.75
			},
			"diffuse":	{
				"x":	0.49983254075050354,
				"y":	0.25161248445510864,
				"z":	0.57377052307128906
			},
			"specular":	{
				"x":	1,
				"y":	1,
				"z":	1
			},
			"constant":	1.6599990129470825,
			"linear":	-0.31000000238418579,
			"quadratic":	0.039999999105930328,
			"type":	"LightPoint3D"
		}, {
			"name":	"cube",
			"scale":	0.92356580495834351,
			"position":	{
				"x":	-5.9023494720458984,
				"y":	-3.5657999515533447,
				"z":	-5.8342075347900391
			},
			"rotation":	{
				"x":	0,
				"y":	-0,
				"z":	0
			},
			"isCollisionsEnabled":	false,
			"scripts":	[],
			"shaders":	[],
			"model":	"../assets/models//RoundedRedCube.fbx",
			"enableLights":	false,
			"type":	"Mesh3D"
		}, {
			"name":	"spaceshuttle",
			"scale":	1.3596829175949097,
			"position":	{
				"x":	-14.072765350341797,
				"y":	-0.76845204830169678,
				"z":	-22.181270599365234
			},
			"rotation":	{
				"x":	41.436470031738281,
				"y":	10.452261924743652,
				"z":	-141.07951354980469
			},
			"isCollisionsEnabled":	false,
			"scripts":	[],
			"shaders":	[],
			"model":	"../assets/models//SpaceShuttle.fbx",
			"enableLights":	false,
			"type":	"Mesh3D"
		}, {
			"name":	"eye",
			"scale":	0.87999999523162842,
			"position":	{
				"x":	4.78808069229126,
				"y":	-1.0186058282852173,
				"z":	-4.9228363037109375
			},
			"rotation":	{
				"x":	-166.75724792480469,
				"y":	-26.889076232910156,
				"z":	165.66789245605469
			},
			"isCollisionsEnabled":	false,
			"scripts":	[],
			"shaders":	[],
			"model":	"../assets/models//Eye.fbx",
			"enableLights":	false,
			"type":	"Mesh3D"
		}, {
			"name":	"stairs",
			"scale":	1,
			"position":	{
				"x":	7.9173827171325684,
				"y":	-3.4146461486816406,
				"z":	3.9494373798370361
			},
			"rotation":	{
				"x":	90,
				"y":	-5.0089556680177338e-06,
				"z":	5.0035805543302558e-06
			},
			"isCollisionsEnabled":	true,
			"collider":	{
				"mode":	1,
				"shape":	1,
				"friction":	1,
				"mass":	0,
				"colliderStatic":	true,
				"simpleShapeSize":	{
					"x":	1,
					"y":	1,
					"z":	1
				},
				"kinematicCapsuleSize":	{
					"x":	1,
					"y":	3
				},
				"angularFactor":	{
					"x":	1,
					"y":	1,
					"z":	1
				},
				"linearFactor":	{
					"x":	1,
					"y":	1,
					"z":	1
				}
			},
			"scripts":	[],
			"shaders":	[],
			"model":	"../assets/models//Stairs.fbx",
			"enableLights":	false,
			"type":	"Mesh3D"
		}, {
			"name":	"spotlight",
			"scale":	1,
			"position":	{
				"x":	-3.4497666358947754,
				"y":	-3.8369252681732178,
				"z":	0.65289592742919922
			},
			"rotation":	{
				"x":	144.20564270019531,
				"y":	-51.395317077636719,
				"z":	-173.15570068359375
			},
			"isCollisionsEnabled":	false,
			"scripts":	[],
			"ambient":	{
				"x":	0.22656466066837311,
				"y":	0.96721309423446655,
				"z":	0.035675909370183945
			},
			"diffuse":	{
				"x":	1,
				"y":	0,
				"z":	0
			},
			"specular":	{
				"x":	1,
				"y":	1,
				"z":	1
			},
			"constant":	0.10999999940395355,
			"linear":	-0.079999998211860657,
			"quadratic":	0.02199999988079071,
			"cutOff":	0.99975520372390747,
			"outerCutOff":	65.797554016113281,
			"type":	"SpotLight3D"
		}, {
			"name":	"pawn",
			"scale":	1,
			"position":	{
				"x":	-9.4923210144042969,
				"y":	-2.7207901477813721,
				"z":	1.83713698387146
			},
			"rotation":	{
				"x":	0,
				"y":	-0,
				"z":	0
			},
			"isCollisionsEnabled":	false,
			"scripts":	[],
			"shaders":	[],
			"model":	"../assets/models//ChessPawn.fbx",
			"enableLights":	false,
			"type":	"Mesh3D"
		}],
	"shaders":	[],
	"scripts":	[],
	"camera":	{
		"position":	{
			"x":	-1.0925431251525879,
			"y":	9.6550216674804688,
			"z":	20.57069206237793
		},
		"rotation":	{
			"x":	39.000022888183594,
			"y":	-1.4826655387878418e-05,
			"z":	0
		}
	}
}