{
	"screenshot":	"../assets/screenshots/scene_469835.png",
	"ads":	{
		"direction":	{
			"x":	0.47999998927116394,
			"y":	-0.56000000238418579,
			"z":	-0.46000000834465027
		},
		"diffuse":	{
			"x":	0.11885243654251099,
			"y":	0.0077936002053320408,
			"z":	0.0077936002053320408
		},
		"specular":	{
			"x":	0.73770493268966675,
			"y":	0.69864875078201294,
			"z":	0.14209890365600586
		},
		"ambient":	{
			"x":	0.1147540807723999,
			"y":	0.08324374258518219,
			"z":	0.08324374258518219
		}
	},
	"objects":	[{
			"name":	"level",
			"scale":	1,
			"alpha":	1,
			"enabled":	true,
			"position":	{
				"x":	-12.520256042480469,
				"y":	2.8399512767791748,
				"z":	-17.871551513671875
			},
			"rotation":	{
				"x":	0,
				"y":	-0,
				"z":	0
			},
			"renderSettings":	{
				"blend":	true,
				"culling":	true,
				"depthTest":	true,
				"writeDepth":	true,
				"shadowMap":	true,
				"blend_function_src":	771,
				"blend_function_dst":	771
			},
			"isCollisionsEnabled":	true,
			"collider":	{
				"mode":	1,
				"shape":	2,
				"friction":	1,
				"mass":	0,
				"margin":	0.0040000001899898052,
				"ccdMotionThreshold":	0,
				"ccdSweptSphereRadius":	0,
				"linearDamping":	1,
				"angularDamping":	1,
				"restitution":	0,
				"colliderStatic":	true,
				"simpleShapeSize":	{
					"x":	1,
					"y":	1,
					"z":	1
				},
				"kinematicCapsuleSize":	{
					"x":	0.5,
					"y":	1.7999999523162842
				},
				"angularFactor":	{
					"x":	1,
					"y":	1,
					"z":	1
				},
				"linearFactor":	{
					"x":	1,
					"y":	1,
					"z":	1
				}
			},
			"scripts":	[],
			"model":	"../assets/models//DevLevel.fbx",
			"enableLights":	true,
			"shaders":	[],
			"type":	2
		}, {
			"name":	"lightpoint",
			"scale":	1,
			"alpha":	1,
			"enabled":	true,
			"position":	{
				"x":	-5.0221662521362305,
				"y":	8.5986137390136719,
				"z":	-14.985128402709961
			},
			"rotation":	{
				"x":	0,
				"y":	-0,
				"z":	0
			},
			"renderSettings":	{
				"blend":	true,
				"culling":	true,
				"depthTest":	true,
				"writeDepth":	true,
				"shadowMap":	true,
				"blend_function_src":	771,
				"blend_function_dst":	771
			},
			"isCollisionsEnabled":	false,
			"scripts":	[],
			"ambient":	{
				"x":	0.46585184335708618,
				"y":	0.24499459564685822,
				"z":	0.58606553077697754
			},
			"diffuse":	{
				"x":	0.67622947692871094,
				"y":	0.644244372844696,
				"z":	0.18845741450786591
			},
			"specular":	{
				"x":	1,
				"y":	1,
				"z":	1
			},
			"constant":	1.059999942779541,
			"linear":	0.15000000596046448,
			"quadratic":	0.02199999988079071,
			"type":	4
		}, {
			"name":	"capsule",
			"scale":	1,
			"alpha":	1,
			"enabled":	true,
			"position":	{
				"x":	-23.021278381347656,
				"y":	2.0902142524719238,
				"z":	-8.036677360534668
			},
			"rotation":	{
				"x":	0,
				"y":	-0,
				"z":	0
			},
			"renderSettings":	{
				"blend":	true,
				"culling":	true,
				"depthTest":	true,
				"writeDepth":	true,
				"shadowMap":	true,
				"blend_function_src":	771,
				"blend_function_dst":	771
			},
			"isCollisionsEnabled":	true,
			"collider":	{
				"mode":	2,
				"shape":	1,
				"friction":	1,
				"mass":	100,
				"margin":	0.0040000001899898052,
				"ccdMotionThreshold":	0,
				"ccdSweptSphereRadius":	0,
				"linearDamping":	1,
				"angularDamping":	1,
				"restitution":	0,
				"colliderStatic":	false,
				"simpleShapeSize":	{
					"x":	1,
					"y":	1,
					"z":	1
				},
				"kinematicCapsuleSize":	{
					"x":	0.5,
					"y":	1
				},
				"angularFactor":	{
					"x":	1,
					"y":	1,
					"z":	1
				},
				"linearFactor":	{
					"x":	1,
					"y":	1,
					"z":	1
				}
			},
			"scripts":	[{
					"codeFile":	"../assets/scripts/Controllers/KinematicFPSController.lua",
					"typesFile":	"../assets/scripts/Controllers/KinematicFPSController.json",
					"name":	"KinematicFPSController",
					"type":	"Object",
					"types":	[{
							"name":	"force",
							"type":	"float",
							"value":	0.050000004470348358
						}, {
							"name":	"deceleration",
							"type":	"float",
							"value":	0.5
						}, {
							"name":	"jumpForce",
							"type":	"float",
							"value":	10
						}, {
							"name":	"speed",
							"type":	"float",
							"value":	0
						}, {
							"name":	"strafe",
							"type":	"float",
							"value":	0
						}, {
							"name":	"velocity",
							"type":	"Vertex3D",
							"value":	{
								"x":	0,
								"y":	0,
								"z":	0
							}
						}, {
							"name":	"yaw",
							"type":	"float",
							"value":	0
						}, {
							"name":	"pitch",
							"type":	"float",
							"value":	0
						}, {
							"name":	"mouseSensibility",
							"type":	"float",
							"value":	0.10000000149011612
						}]
				}],
			"model":	"../assets/models//Capsule.fbx",
			"enableLights":	true,
			"shaders":	[],
			"type":	2
		}, {
			"name":	"spotlight_01",
			"scale":	1,
			"alpha":	1,
			"enabled":	true,
			"position":	{
				"x":	-33.158374786376953,
				"y":	5.7868747711181641,
				"z":	-3.5808346271514893
			},
			"rotation":	{
				"x":	-122.03968811035156,
				"y":	-56.630973815917969,
				"z":	126.85300445556641
			},
			"renderSettings":	{
				"blend":	true,
				"culling":	true,
				"depthTest":	true,
				"writeDepth":	true,
				"shadowMap":	true,
				"blend_function_src":	771,
				"blend_function_dst":	771
			},
			"isCollisionsEnabled":	false,
			"scripts":	[],
			"ambient":	{
				"x":	0.83353143930435181,
				"y":	0.8401639461517334,
				"z":	0.030989667400717735
			},
			"diffuse":	{
				"x":	1,
				"y":	0,
				"z":	0
			},
			"specular":	{
				"x":	1,
				"y":	1,
				"z":	1
			},
			"constant":	0.41999998688697815,
			"linear":	-0.14000000059604645,
			"quadratic":	0.032000001519918442,
			"cutOff":	0.97729998826980591,
			"outerCutOff":	0.92089998722076416,
			"type":	5
		}],
	"shaders":	[],
	"scripts":	[],
	"camera":	{
		"position":	{
			"x":	-27.428068161010742,
			"y":	13.362958908081055,
			"z":	21.648733139038086
		},
		"rotation":	{
			"x":	18.599994659423828,
			"y":	-344.42523193359375,
			"z":	0
		}
	}
}