{
	"gravity":	{
		"x":	0,
		"y":	9.8000001907348633,
		"z":	0
	},
	"ads":	{
		"direction":	{
			"x":	0.43999999761581421,
			"y":	0.5,
			"z":	-1
		},
		"diffuse":	{
			"x":	0.7295081615447998,
			"y":	0.59697723388671875,
			"z":	0.22423405945301056
		},
		"specular":	{
			"x":	1,
			"y":	0.99462509155273438,
			"z":	0.91803276538848877
		},
		"ambient":	{
			"x":	1,
			"y":	1,
			"z":	1
		}
	},
	"objects":	[{
			"name":	"Mesh3DAnimation_85",
			"scale":	0.079999998211860657,
			"position":	{
				"x":	-36.335319519042969,
				"y":	-19.417604446411133,
				"z":	-17.437896728515625
			},
			"rotation":	{
				"x":	178.36726379394531,
				"y":	71.4738540649414,
				"z":	-1.0043122529168613e-06
			},
			"isCollisionsEnabled":	false,
			"scripts":	[],
			"shaders":	[],
			"model":	"../assets/animations//dummy.fbx",
			"enableLights":	false,
			"animationSpeed":	1,
			"type":	"Mesh3DAnimation"
		}],
	"shaders":	[],
	"scripts":	[],
	"camera":	{
		"position":	{
			"x":	-50.831089019775391,
			"y":	-26.36815071105957,
			"z":	-25.311515808105469
		},
		"rotation":	{
			"x":	1.4999959468841553,
			"y":	-63.850009918212891,
			"z":	0
		}
	}
}