{
	"screenshot":	"../assets/screenshots/scene_640221.png",
	"description":	{
		"x":	0,
		"y":	-9.8000001907348633,
		"z":	0
	},
	"gravity":	{
		"x":	0,
		"y":	-9.8000001907348633,
		"z":	0
	},
	"resolution":	{
		"width":	1920,
		"height":	1009
	},
	"ads":	{
		"direction":	{
			"x":	-0.17000000178813934,
			"y":	-0.059999998658895493,
			"z":	-1
		},
		"diffuse":	{
			"x":	0.19262295961380005,
			"y":	0.19262295961380005,
			"z":	0.19262295961380005
		},
		"specular":	{
			"x":	0,
			"y":	0,
			"z":	0
		},
		"ambient":	{
			"x":	0.28833901882171631,
			"y":	0.15788766741752625,
			"z":	0.3852459192276001
		}
	},
	"objects":	[{
			"name":	"SpaceShuttle",
			"scale":	1.3596829175949097,
			"alpha":	1,
			"enabled":	true,
			"position":	{
				"x":	-12.337051391601563,
				"y":	1.2616510391235352,
				"z":	-23.395771026611328
			},
			"rotation":	{
				"x":	41.436470031738281,
				"y":	10.452261924743652,
				"z":	-141.28141784667969
			},
			"renderSettings":	{
				"blend":	true,
				"culling":	true,
				"depthTest":	true,
				"writeDepth":	true,
				"shadowMap":	true,
				"blend_function_src":	771,
				"blend_function_dst":	771
			},
			"isCollisionsEnabled":	false,
			"scripts":	[],
			"model":	"../assets/models//SpaceShuttle.fbx",
			"enableLights":	true,
			"shaders":	[],
			"type":	2
		}, {
			"name":	"LightPoint_1",
			"scale":	1,
			"alpha":	1,
			"enabled":	true,
			"position":	{
				"x":	8.7393627166748047,
				"y":	4.3703708648681641,
				"z":	-6.3410248756408691
			},
			"rotation":	{
				"x":	-179.99998474121094,
				"y":	89.731239318847656,
				"z":	-179.99998474121094
			},
			"renderSettings":	{
				"blend":	true,
				"culling":	true,
				"depthTest":	true,
				"writeDepth":	true,
				"shadowMap":	true,
				"blend_function_src":	771,
				"blend_function_dst":	771
			},
			"isCollisionsEnabled":	false,
			"scripts":	[],
			"ambient":	{
				"x":	0.16319525241851807,
				"y":	0.036885261535644531,
				"z":	1
			},
			"diffuse":	{
				"x":	1,
				"y":	0.9303278923034668,
				"z":	0.93889415264129639
			},
			"specular":	{
				"x":	0.45790085196495056,
				"y":	0.25184762477874756,
				"z":	0.62704920768737793
			},
			"constant":	0.40999901294708252,
			"linear":	0.20000000298023224,
			"quadratic":	0.039999999105930328,
			"type":	4
		}, {
			"name":	"LightPoint_2",
			"scale":	1,
			"alpha":	1,
			"enabled":	true,
			"position":	{
				"x":	-12.492101669311523,
				"y":	3.27705717086792,
				"z":	-8.212738037109375
			},
			"rotation":	{
				"x":	-179.99998474121094,
				"y":	-5.0089556680177338e-06,
				"z":	-179.99998474121094
			},
			"renderSettings":	{
				"blend":	true,
				"culling":	true,
				"depthTest":	true,
				"writeDepth":	true,
				"shadowMap":	true,
				"blend_function_src":	771,
				"blend_function_dst":	771
			},
			"isCollisionsEnabled":	false,
			"scripts":	[],
			"ambient":	{
				"x":	1,
				"y":	1,
				"z":	1
			},
			"diffuse":	{
				"x":	1,
				"y":	1,
				"z":	1
			},
			"specular":	{
				"x":	0.025161270052194595,
				"y":	0.87704920768737793,
				"z":	0.41619172692298889
			},
			"constant":	0.40999999642372131,
			"linear":	0.23999999463558197,
			"quadratic":	0.02199999988079071,
			"type":	4
		}, {
			"name":	"Eye",
			"scale":	0.87999999523162842,
			"alpha":	1,
			"enabled":	true,
			"position":	{
				"x":	4.78808069229126,
				"y":	-1.0186058282852173,
				"z":	-4.9228363037109375
			},
			"rotation":	{
				"x":	-166.75724792480469,
				"y":	-26.889076232910156,
				"z":	165.766357421875
			},
			"renderSettings":	{
				"blend":	true,
				"culling":	true,
				"depthTest":	true,
				"writeDepth":	true,
				"shadowMap":	true,
				"blend_function_src":	771,
				"blend_function_dst":	771
			},
			"isCollisionsEnabled":	false,
			"scripts":	[],
			"model":	"../assets/models//Eye.fbx",
			"enableLights":	true,
			"shaders":	[],
			"type":	2
		}, {
			"name":	"Image3D_86",
			"scale":	2.7799990177154541,
			"alpha":	1,
			"enabled":	true,
			"position":	{
				"x":	-0.9570000171661377,
				"y":	0.75900000333786011,
				"z":	-6.4026775360107422
			},
			"rotation":	{
				"x":	0,
				"y":	-0,
				"z":	146.59884643554688
			},
			"renderSettings":	{
				"blend":	true,
				"culling":	true,
				"depthTest":	true,
				"writeDepth":	true,
				"shadowMap":	true,
				"blend_function_src":	771,
				"blend_function_dst":	771
			},
			"isCollisionsEnabled":	false,
			"scripts":	[],
			"width":	1,
			"height":	1,
			"image":	"../assets/images/beach.png",
			"type":	10
		}, {
			"name":	"cube",
			"scale":	0.92356580495834351,
			"alpha":	1,
			"enabled":	true,
			"position":	{
				"x":	-5.6505308151245117,
				"y":	-3.1196355819702148,
				"z":	-1.8633010387420654
			},
			"rotation":	{
				"x":	0,
				"y":	-0,
				"z":	0
			},
			"renderSettings":	{
				"blend":	true,
				"culling":	true,
				"depthTest":	true,
				"writeDepth":	true,
				"shadowMap":	true,
				"blend_function_src":	771,
				"blend_function_dst":	771
			},
			"isCollisionsEnabled":	false,
			"scripts":	[],
			"model":	"../assets/models//RoundedRedCube.fbx",
			"enableLights":	true,
			"shaders":	[],
			"type":	2
		}, {
			"name":	"LightSpot_1",
			"scale":	1,
			"alpha":	1,
			"enabled":	true,
			"position":	{
				"x":	-9.57544231414795,
				"y":	9.4797048568725586,
				"z":	-2.7404742240905762
			},
			"rotation":	{
				"x":	-72.918426513671875,
				"y":	-12.292998313903809,
				"z":	-145.33831787109375
			},
			"renderSettings":	{
				"blend":	true,
				"culling":	true,
				"depthTest":	true,
				"writeDepth":	true,
				"shadowMap":	true,
				"blend_function_src":	771,
				"blend_function_dst":	771
			},
			"isCollisionsEnabled":	false,
			"scripts":	[],
			"ambient":	{
				"x":	0.43272459506988525,
				"y":	0.96721309423446655,
				"z":	0.035675909370183945
			},
			"diffuse":	{
				"x":	1,
				"y":	0,
				"z":	0
			},
			"specular":	{
				"x":	1,
				"y":	1,
				"z":	1
			},
			"constant":	0.56000000238418579,
			"linear":	-0.10000000149011612,
			"quadratic":	0.012000000104308128,
			"cutOff":	0.95899999141693115,
			"outerCutOff":	0.94700002670288086,
			"type":	5
		}, {
			"name":	"ParticleEmitter_232486",
			"scale":	1,
			"alpha":	1,
			"enabled":	true,
			"position":	{
				"x":	-5.7948493957519531,
				"y":	-1.4992750883102417,
				"z":	-1.8064060211181641
			},
			"rotation":	{
				"x":	0,
				"y":	-0,
				"z":	0
			},
			"renderSettings":	{
				"blend":	true,
				"culling":	true,
				"depthTest":	true,
				"writeDepth":	true,
				"shadowMap":	true,
				"blend_function_src":	771,
				"blend_function_dst":	771
			},
			"isCollisionsEnabled":	false,
			"scripts":	[],
			"context":	{
				"GRAVITY":	10.159999847412109,
				"PARTICLES_BY_SECOND":	255,
				"PARTICLE_LIFESPAN":	12.899999618530273,
				"SMOKE_ANGLE_RANGE":	151,
				"MIN_ALPHA":	255,
				"MAX_ALPHA":	255,
				"MIN_VELOCITY":	89,
				"MAX_VELOCITY":	255,
				"POSITION_NOISE":	14,
				"VELOCITY_NOISE":	46,
				"DECELERATION_FACTOR":	0.76999998092651367
			},
			"colorFrom":	{
				"r":	1,
				"g":	1,
				"b":	1
			},
			"colorTo":	{
				"r":	1,
				"g":	0.860655665397644,
				"b":	0
			},
			"texture":	"../assets/images/particle02.png",
			"type":	6
		}, {
			"name":	"axis",
			"scale":	1,
			"alpha":	1,
			"enabled":	true,
			"position":	{
				"x":	-0.69031262397766113,
				"y":	0.2399134635925293,
				"z":	0
			},
			"rotation":	{
				"x":	0,
				"y":	-0,
				"z":	0
			},
			"renderSettings":	{
				"blend":	true,
				"culling":	true,
				"depthTest":	true,
				"writeDepth":	true,
				"shadowMap":	true,
				"blend_function_src":	771,
				"blend_function_dst":	771
			},
			"isCollisionsEnabled":	false,
			"scripts":	[],
			"model":	"../assets/models//StudioCorner.fbx",
			"enableLights":	true,
			"shaders":	[],
			"type":	2
		}, {
			"name":	"Stairs",
			"scale":	1,
			"alpha":	1,
			"enabled":	true,
			"position":	{
				"x":	5.90187931060791,
				"y":	-3.6539328098297119,
				"z":	3.9201252460479736
			},
			"rotation":	{
				"x":	-0.011751057580113411,
				"y":	0.82979792356491089,