{
	"ads":	{
		"direction":	{
			"x":	-1,
			"y":	-0.76999998092651367,
			"z":	-0.40000000596046448
		},
		"diffuse":	{
			"x":	1,
			"y":	1,
			"z":	1
		},
		"specular":	{
			"x":	0,
			"y":	0,
			"z":	0
		},
		"ambient":	{
			"x":	0.48855271935462952,
			"y":	0.6147540807723999,
			"z":	0.4560265839099884
		}
	},
	"objects":	[{
			"name":	"PlanetGreen",
			"scale":	1,
			"stencilBufferEnabled":	false,
			"transparent":	false,
			"position":	{
				"x":	-70.400588989257812,
				"y":	-2.88326096534729,
				"z":	154.8045654296875
			},
			"rotation":	{
				"x":	0,
				"y":	0,
				"z":	0
			},
			"rotationFrameEnabled":	true,
			"rotationFrame":	{
				"x":	0.0099999997764825821,
				"y":	0.0099999997764825821,
				"z":	0
			},
			"scripts":	[],
			"shaders":	[],
			"model":	"../assets/models//planets/planet_b.fbx",
			"enableLights":	false,
			"type":	"Mesh3D"
		}, {
			"name":	"PurplePlanet",
			"scale":	3.369999885559082,
			"stencilBufferEnabled":	false,
			"transparent":	false,
			"position":	{
				"x":	-168.87335205078125,
				"y":	-192.49148559570312,
				"z":	644.60455322265625
			},
			"rotation":	{
				"x":	96.300003051757812,
				"y":	0,
				"z":	0
			},
			"rotationFrameEnabled":	true,
			"rotationFrame":	{
				"x":	0.0099999997764825821,
				"y":	0.0099999997764825821,
				"z":	0
			},
			"scripts":	[],
			"shaders":	[],
			"model":	"../assets/models//planets/planet_c.fbx",
			"enableLights":	false,
			"type":	"Mesh3D"
		}, {
			"name":	"Rings",
			"scale":	2.559999942779541,
			"stencilBufferEnabled":	false,
			"transparent":	false,
			"position":	{
				"x":	-69.396316528320312,
				"y":	-96.601699829101562,
				"z":	389.8045654296875
			},
			"rotation":	{
				"x":	149.30000305175781,
				"y":	42.699996948242188,
				"z":	4.6999998092651367
			},
			"rotationFrameEnabled":	false,
			"scripts":	[],
			"shaders":	[],
			"model":	"../assets/models//planets/planet_ring.fbx",
			"enableLights":	false,
			"type":	"Mesh3D"
		}, {
			"name":	"WhitePlanet",
			"scale":	2.8599998950958252,
			"stencilBufferEnabled":	false,
			"transparent":	false,
			"position":	{
				"x":	-61.896324157714844,
				"y":	-88.201667785644531,
				"z":	400
			},
			"rotation":	{
				"x":	-15.200000762939453,
				"y":	91.9000015258789,
				"z":	0
			},
			"rotationFrameEnabled":	true,
			"rotationFrame":	{
				"x":	0.0099999997764825821,
				"y":	0.0099999997764825821,
				"z":	0
			},
			"scripts":	[],
			"shaders":	[],
			"model":	"../assets/models//planets/planet_d.fbx",
			"enableLights":	false,
			"type":	"Mesh3D"
		}, {
			"name":	"Spaceship",
			"scale":	1,
			"stencilBufferEnabled":	false,
			"transparent":	false,
			"position":	{
				"x":	1.7000000476837158,
				"y":	1.5,
				"z":	-4.8000001907348633
			},
			"rotation":	{
				"x":	25.100000381469727,
				"y":	-26.399999618530273,
				"z":	4.4000000953674316
			},
			"rotationFrameEnabled":	false,
			"scripts":	[{
				"name":	"MoveForwardObject.lua",
				"types":	[{
					"name":	"speed",
					"type":	"float",
					"value":	0.0020000000949949026
				}]
			}],
			"shaders":	[],
			"model":	"../assets/models//spaceships/spaceship_gray_04.fbx",
			"enableLights":	false,
			"type":	"Mesh3D"
		}, {
			"name":	"city",
			"scale":	1,
			"stencilBufferEnabled":	false,
			"transparent":	false,
			"position":	{
				"x":	13,
				"y":	1.6000000238418579,
				"z":	34.799999237060547
			},
			"rotation":	{
				"x":	70.200004577636719,
				"y":	149.69999694824219,
				"z":	0
			},
			"rotationFrameEnabled":	false,
			"scripts":	[{
					"name":	"MoveUpDownObject.lua",
					"types":	[{
							"name":	"speed",
							"type":	"float",
							"value":	0.0019999997764825821
						}]
				}],
			"shaders":	[],
			"model":	"../assets/models//city.fbx",
			"enableLights":	false,
			"type":	"Mesh3D"
		}],
	"shaders":	[],
	"scripts":	[],
	"camera":	{
		"position":	{
			"x":	0,
			"y":	0,
			"z":	-5
		},
		"rotation":	{
			"x":	0.25,
			"y":	5.25,
			"z":	1
		}
	}
}