{
	"ads":	{
		"direction": {
			"x":	0.0,
			"y":	0.0,
			"z":	1.0
		},
		"diffuse":	{
			"x":	1,
			"y":	1,
			"z":	1
		},
		"specular":	{
			"x":	0,
			"y":	0,
			"z":	0
		},
		"ambient":	{
			"x":	0.84426230192184448,
			"y":	0.84426230192184448,
			"z":	0.84426230192184448
		}
	},
	"objects":	[{
			"name":	"PlanetFire",
			"scale":	2.9800000190734863,
			"stencilBufferEnabled":	false,
			"transparent":	false,
			"position":	{
				"x":	5.5395717620849609,
				"y":	-1.6439054012298584,
				"z":	279.70455932617188
			},
			"rotation":	{
				"x":	-1.1000000238418579,
				"y":	0,
				"z":	0
			},
			"rotationFrameEnabled":	true,
			"rotationFrame":	{
				"x":	0.0099999997764825821,
				"y":	0.0099999997764825821,
				"z":	0
			},
			"scripts":	[],
			"shaders":	[],
			"model":	"../assets/models//planets/planet_a.fbx",
			"enableLights":	false,
			"type":	"Mesh3D"
		}, {
			"name":	"PlanetGreen",
			"scale":	1,
			"stencilBufferEnabled":	false,
			"transparent":	false,
			"position":	{
				"x":	-40.221858978271484,
				"y":	20.604076385498047,
				"z":	89.504562377929688
			},
			"rotation":	{
				"x":	0,
				"y":	0,
				"z":	0
			},
			"rotationFrameEnabled":	true,
			"rotationFrame":	{
				"x":	0.0099999997764825821,
				"y":	0.0099999997764825821,
				"z":	0
			},
			"scripts":	[],
			"shaders":	[],
			"model":	"../assets/models//planets/planet_b.fbx",
			"enableLights":	false,
			"type":	"Mesh3D"
		}, {
			"name":	"PurplePlanet",
			"scale":	1.940000057220459,
			"stencilBufferEnabled":	false,
			"transparent":	false,
			"position":	{
				"x":	-43.394588470458984,
				"y":	15.696029663085938,
				"z":	230.50454711914062
			},
			"rotation":	{
				"x":	72.4000015258789,
				"y":	0,
				"z":	0
			},
			"rotationFrameEnabled":	true,
			"rotationFrame":	{
				"x":	0.0099999997764825821,
				"y":	0.0099999997764825821,
				"z":	0
			},
			"scripts":	[],
			"shaders":	[],
			"model":	"../assets/models//planets/planet_c.fbx",
			"enableLights":	false,
			"type":	"Mesh3D"
		}, {
			"name":	"Rings",
			"scale":	2.559999942779541,
			"stencilBufferEnabled":	false,
			"transparent":	false,
			"position":	{
				"x":	83.372879028320312,
				"y":	-46.1137809753418,
				"z":	387.20458984375
			},
			"rotation":	{
				"x":	149.30000305175781,
				"y":	70.5999984741211,
				"z":	4.6999998092651367
			},
			"rotationFrameEnabled":	false,
			"scripts":	[],
			"shaders":	[],
			"model":	"../assets/models//planets/planet_ring.fbx",
			"enableLights":	false,
			"type":	"Mesh3D"
		}, {
			"name":	"WhitePlanet",
			"scale":	2.8599998950958252,
			"stencilBufferEnabled":	false,
			"transparent":	false,
			"position":	{
				"x":	101.77287292480469,
				"y":	-51.6137809753418,
				"z":	400
			},
			"rotation":	{
				"x":	-15.200000762939453,
				"y":	91.9000015258789,
				"z":	0
			},
			"rotationFrameEnabled":	true,
			"rotationFrame":	{
				"x":	0.0099999997764825821,
				"y":	0.0099999997764825821,
				"z":	0
			},
			"scripts":	[],
			"shaders":	[],
			"model":	"../assets/models//planets/planet_d.fbx",
			"enableLights":	false,
			"type":	"Mesh3D"
		}, {
			"name":	"Spaceship",
			"scale":	1,
			"stencilBufferEnabled":	false,
			"transparent":	false,
			"position":	{
				"x":	0.79959499835968018,
				"y":	0.77026402950286865,
				"z":	-1.2954339981079102
			},
			"rotation":	{
				"x":	8.6999998092651367,
				"y":	-6.69999885559082,
				"z":	3.2999999523162842
			},
			"rotationFrameEnabled":	false,
			"scripts":	[{
					"name":	"MoveForwardObject.lua",
					"types":	[{
							"name":	"speed",
							"type":	"float",
							"value":	0.0020000000474974513
						}]
				}],
			"shaders":	[],
			"model":	"../assets/models//spaceships/spaceship_gray_04.fbx",
			"enableLights":	false,
			"type":	"Mesh3D"
		}],
	"shaders":	[],
	"scripts":	[],
	"camera":	{
		"position":	{
			"x":	-0.0608774796128273,
			"y":	-0.000642627477645874,
			"z":	0.1045653373003006
		},
		"rotation":	{
			"x":	0,
			"y":	0,
			"z":	0
		}
	}
}