{
	"gravity":	{
		"x":	0,
		"y":	-9.8000001907348633,
		"z":	0
	},
	"ads":	{
		"direction":	{
			"x":	0,
			"y":	0,
			"z":	1
		},
		"diffuse":	{
			"x":	0.40000000596046448,
			"y":	0.40000000596046448,
			"z":	0.40000000596046448
		},
		"specular":	{
			"x":	0.5,
			"y":	0.5,
			"z":	0.5
		},
		"ambient":	{
			"x":	0.30000001192092896,
			"y":	0.30000001192092896,
			"z":	0.30000001192092896
		}
	},
	"objects":	[],
	"shaders":	[],
	"scripts":	[{
			"name":	"../assets/scripts/Examples/GlobalScripts/AddObjectExample.lua"
		}],
	"camera":	{
		"position":	{
			"x":	-8.7190771102905273,
			"y":	9.9605503082275391,
			"z":	-0.42445632815361023
		},
		"rotation":	{
			"x":	28.350000381469727,
			"y":	-631.8748779296875,
			"z":	0
		}
	}
}