{
	"ads":	{
		"diffuse":	{
			"x":	0.4754098653793335,
			"y":	0.4754098653793335,
			"z":	0.4754098653793335
		},
		"specular":	{
			"x":	0.31147539615631104,
			"y":	0.31147539615631104,
			"z":	0.31147539615631104
		},
		"ambient":	{
			"x":	0.48770493268966675,
			"y":	0.48770493268966675,
			"z":	0.48770493268966675
		}
	},
	"objects":	[{
			"name":	"landscape",
			"scale":	21,
			"stencilBufferEnabled":	false,
			"transparent":	false,
			"position":	{
				"x":	0.070732772350311279,
				"y":	0.39732316136360168,
				"z":	900
			},
			"rotation":	{
				"x":	180,
				"y":	0,
				"z":	0
			},
			"rotationFrameEnabled":	false,
			"scripts":	[],
			"shaders":	[],
			"model":	"../assets/models/landscape01.fbx",
			"enableLights":	false,
			"type":	"Mesh3D"
		}],
	"shaders":	[],
	"scripts":	[],
	"camera":	{
		"position":	{
			"x":	-0.50999987125396729,
			"y":	2.0499985218048096,
			"z":	0.24011898040771484
		},
		"rotation":	{
			"x":	0,
			"y":	0,
			"z":	0
		}
	}
}