{
	"ads":	{
		"direction":	{
			"x":	0.42243725061416626,
			"y":	0.024394974112510681,
			"z":	1
		},
		"diffuse":	{
			"x":	0.4754098653793335,
			"y":	0.4754098653793335,
			"z":	0.4754098653793335
		},
		"specular":	{
			"x":	0.31147539615631104,
			"y":	0.31147539615631104,
			"z":	0.31147539615631104
		},
		"ambient":	{
			"x":	0.48770493268966675,
			"y":	0.48770493268966675,
			"z":	0.48770493268966675
		}
	},
	"objects":	[{
			"name":	"city",
			"scale":	1.3700000047683716,
			"stencilBufferEnabled":	false,
			"transparent":	false,
			"position":	{
				"x":	-5.3562889099121094,
				"y":	0.91493815183639526,
				"z":	41.933872222900391
			},
			"rotation":	{
				"x":	180,
				"y":	0,
				"z":	0
			},
			"rotationFrameEnabled":	true,
			"rotationFrame":	{
				"x":	0,
				"y":	0,
				"z":	0.0099999997764825821
			},
			"scripts":	[{
					"name":	"MoveUpDownObject.lua",
					"types":	[{
							"name":	"speed",
							"type":	"float",
							"value":	0.0099999997764825821
						}]
				}],
			"shaders":	[],
			"model":	"../assets/models//city.fbx",
			"enableLights":	false,
			"type":	"Mesh3D"
		}, {
			"name":	"new_object_13",
			"scale":	1,
			"stencilBufferEnabled":	false,
			"transparent":	false,
			"position":	{
				"x":	2.207439661026001,
				"y":	-11.14283275604248,
				"z":	48.116977691650391
			},
			"rotation":	{
				"x":	0,
				"y":	0,
				"z":	0
			},
			"rotationFrameEnabled":	false,
			"scripts":	[],
			"shaders":	[],
			"ambient":	{
				"x":	0.05000000074505806,
				"y":	0.05000000074505806,
				"z":	0.05000000074505806
			},
			"diffuse":	{
				"x":	1,
				"y":	0,
				"z":	0
			},
			"specular":	{
				"x":	1,
				"y":	1,
				"z":	1
			},
			"constant":	0.23000000417232513,
			"linear":	0.090000003576278687,
			"quadratic":	0.032000001519918442,
			"type":	"LightPoint3D"
		}, {
			"name":	"new_object_88",
			"scale":	1,
			"stencilBufferEnabled":	false,
			"transparent":	false,
			"position":	{
				"x":	2.1074428558349609,
				"y":	7.0571589469909668,
				"z":	32.816978454589844
			},
			"rotation":	{
				"x":	0,
				"y":	0,
				"z":	0
			},
			"rotationFrameEnabled":	false,
			"scripts":	[],
			"shaders":	[],
			"ambient":	{
				"x":	0.05000000074505806,
				"y":	0.05000000074505806,
				"z":	0.05000000074505806
			},
			"diffuse":	{
				"x":	0.72131156921386719,
				"y":	1,
				"z":	0
			},
			"specular":	{
				"x":	1,
				"y":	1,
				"z":	1
			},
			"constant":	0.12999999523162842,
			"linear":	0.090000003576278687,
			"quadratic":	0.032000001519918442,
			"type":	"LightPoint3D"
		}, {
			"name":	"new_object_88",
			"scale":	1,
			"stencilBufferEnabled":	false,
			"transparent":	false,
			"position":	{
				"x":	-19.292547225952148,
				"y":	-11.64283275604248,
				"z":	48.5169792175293
			},
			"rotation":	{
				"x":	0,
				"y":	0,
				"z":	0
			},
			"rotationFrameEnabled":	false,
			"scripts":	[],
			"shaders":	[],
			"ambient":	{
				"x":	1,
				"y":	0,
				"z":	0.34426259994506836
			},
			"diffuse":	{
				"x":	1,
				"y":	0,
				"z":	0.95901632308959961
			},
			"specular":	{
				"x":	1,
				"y":	1,
				"z":	1
			},
			"constant":	0.039999999105930328,
			"linear":	0.090000003576278687,
			"quadratic":	0.032000001519918442,
			"type":	"LightPoint3D"
		}],
	"shaders":	[],
	"scripts":	[],
	"camera":	{
		"position":	{
			"x":	0,
			"y":	0,
			"z":	0
		},
		"rotation":	{
			"x":	0,
			"y":	0,
			"z":	0
		}
	}
}