{
	"ads":	{
		"direction":	{
			"x":	-0.31899380683898926,
			"y":	-0.056218847632408142,
			"z":	1
		},
		"diffuse":	{
			"x":	0.34836065769195557,
			"y":	0.34836065769195557,
			"z":	0.34836065769195557
		},
		"specular":	{
			"x":	0.88934427499771118,
			"y":	0.38784828782081604,
			"z":	0.094766184687614441
		},
		"ambient":	{
			"x":	0.79098361730575562,
			"y":	0.55130767822265625,
			"z":	0.0778016671538353
		}
	},
	"objects":	[
	],
	"shaders":	[],
	"scripts":	[],
	"camera":	{
		"position":	{
			"x":	0,
			"y":	0,
			"z":	0
		},
		"rotation":	{
			"x":	0,
			"y":	0,
			"z":	0
		}
	}
}