{
	"ads":	{
		"direction": {
			"x":	0.0,
			"y":	0.0,
			"z":	1.0
		},
		"diffuse":	{
			"x":	1,
			"y":	1,
			"z":	1
		},
		"specular":	{
			"x":	0,
			"y":	0,
			"z":	0
		},
		"ambient":	{
			"x":	0.84426230192184448,
			"y":	0.84426230192184448,
			"z":	0.84426230192184448
		}
	},
	"objects":	[],
	"shaders":	[],
	"scripts":	[],
	"camera":	{
		"position":	{
			"x":	0.099623017013072968,
			"y":	-0.25239759683609009,
			"z":	0.097845762968063354
		},
		"rotation":	{
			"x":	0,
			"y":	0,
			"z":	0
		}
	}
}