{
	"ads":	{
		"direction":	{
			"x":	0.18633903563022614,
			"y":	0.89206862449646,
			"z":	1
		},
		"diffuse":	{
			"x":	0.4754098653793335,
			"y":	0.4754098653793335,
			"z":	0.4754098653793335
		},
		"specular":	{
			"x":	0.31147539615631104,
			"y":	0.31147539615631104,
			"z":	0.31147539615631104
		},
		"ambient":	{
			"x":	0.48770493268966675,
			"y":	0.48770493268966675,
			"z":	0.48770493268966675
		}
	},
	"objects":	[{
			"name":	"added_item_2",
			"scale":	4.96999979019165,
			"stencilBufferEnabled":	false,
			"transparent":	false,
			"position":	{
				"x":	-1.6959697008132935,
				"y":	-33.522556304931641,
				"z":	299.59796142578125
			},
			"rotation":	{
				"x":	0,
				"y":	0,
				"z":	0
			},
			"rotationFrameEnabled":	true,
			"rotationFrame":	{
				"x":	0.0099999997764825821,
				"y":	0.0099999997764825821,
				"z":	0
			},
			"scripts":	[],
			"shaders":	[],
			"model":	"../assets/models//planets/planet_d.fbx",
			"enableLights":	false,
			"type":	"Mesh3D"
		}, {
			"name":	"added_item_42",
			"scale":	1.7899999618530273,
			"stencilBufferEnabled":	false,
			"transparent":	false,
			"position":	{
				"x":	-56.295970916748047,
				"y":	9.8774089813232422,
				"z":	183.49794006347656
			},
			"rotation":	{
				"x":	0,
				"y":	0,
				"z":	0
			},
			"rotationFrameEnabled":	true,
			"rotationFrame":	{
				"x":	0.0099999997764825821,
				"y":	0.0099999997764825821,
				"z":	0
			},
			"scripts":	[],
			"shaders":	[],
			"model":	"../assets/models//planets/planet_c.fbx",
			"enableLights":	false,
			"type":	"Mesh3D"
		}, {
			"name":	"added_item_79",
			"scale":	2.130000114440918,
			"stencilBufferEnabled":	false,
			"transparent":	false,
			"position":	{
				"x":	-1.6959697008132935,
				"y":	31.37738037109375,
				"z":	119.89794158935547
			},
			"rotation":	{
				"x":	0,
				"y":	0,
				"z":	0
			},
			"rotationFrameEnabled":	true,
			"rotationFrame":	{
				"x":	0.0099999997764825821,
				"y":	0.0099999997764825821,
				"z":	0
			},
			"scripts":	[],
			"shaders":	[],
			"model":	"../assets/models//planets/planet_b.fbx",
			"enableLights":	false,
			"type":	"Mesh3D"
		}],
	"shaders":	[],
	"scripts":	[],
	"camera":	{
		"position":	{
			"x":	0.019999999552965164,
			"y":	-0.059999994933605194,
			"z":	0.19793875515460968
		},
		"rotation":	{
			"x":	0,
			"y":	0,
			"z":	0
		}
	}
}