{
	"ads":	{
		"diffuse":	{
			"x":	1,
			"y":	1,
			"z":	1
		},
		"specular":	{
			"x":	0,
			"y":	0,
			"z":	0
		},
		"ambient":	{
			"x":	0.84426230192184448,
			"y":	0.84426230192184448,
			"z":	0.84426230192184448
		}
	},
	"objects":	[{
			"name":	"added_item_79",
			"scale":	1,
			"stencilBufferEnabled":	false,
			"transparent":	false,
			"position":	{
				"x":	-0.070877477526664734,
				"y":	-0.010642627254128456,
				"z":	7.40456485748291
			},
			"rotation":	{
				"x":	-35.600002288818359,
				"y":	72.700004577636719,
				"z":	0
			},
			"rotationFrameEnabled":	false,
			"scripts":	[],
			"shaders":	[],
			"model":	"../assets/models//spaceships/spaceship_gray_04.fbx",
			"enableLights":	false,
			"type":	"Mesh3D"
		}],
	"shaders":	[],
	"scripts":	[],
	"camera":	{
		"position":	{
			"x":	-0.070877477526664734,
			"y":	-0.010642627254128456,
			"z":	0.1045653373003006
		},
		"rotation":	{
			"x":	0,
			"y":	0,
			"z":	0
		}
	}
}