{
	"ads":	{
		"direction": {
			"x":	0.0,
			"y":	0.0,
			"z":	1.0
		},
		"diffuse":	{
			"x":	0.4754098653793335,
			"y":	0.4754098653793335,
			"z":	0.4754098653793335
		},
		"specular":	{
			"x":	0.31147539615631104,
			"y":	0.31147539615631104,
			"z":	0.31147539615631104
		},
		"ambient":	{
			"x":	0.48770493268966675,
			"y":	0.48770493268966675,
			"z":	0.48770493268966675
		}
	},
	"objects":	[{
		"name":	"city",
		"scale":	1.3700000047683716,
		"stencilBufferEnabled":	false,
		"transparent":	false,
		"position":	{
			"x":	0.4525699615478516,
			"y":	1.7422741651535034,
			"z":	50.533870697021484
		},
		"rotation":	{
			"x":	180,
			"y":	0,
			"z":	0
		},
		"rotationFrameEnabled":	false,
		"scripts":	[],
		"shaders":	[],
		"model":	"../assets/models//city.fbx",
		"enableLights":	false,
		"type":	"Mesh3D"
	}],
	"shaders":	[],
	"scripts":	[],
	"camera":	{
		"position":	{
			"x":	0,
			"y":	0,
			"z":	0
		},
		"rotation":	{
			"x":	0,
			"y":	0,
			"z":	0
		}
	}
}