{
	"ads":	{
		"diffuse":	{
			"x":	0.4754098653793335,
			"y":	0.4754098653793335,
			"z":	0.4754098653793335
		},
		"specular":	{
			"x":	0.31147539615631104,
			"y":	0.31147539615631104,
			"z":	0.31147539615631104
		},
		"ambient":	{
			"x":	0.48770493268966675,
			"y":	0.48770493268966675,
			"z":	0.48770493268966675
		}
	},
	"objects":	[{
			"name":	"Landscape",
			"scale":	50,
			"stencilBufferEnabled":	false,
			"transparent":	false,
			"position":	{
				"x":	-52.700820922851562,
				"y":	35.50823974609375,
				"z":	100
			},
			"rotation":	{
				"x":	180,
				"y":	0,
				"z":	0
			},
			"rotationFrameEnabled":	false,
			"scripts":	[],
			"shaders":	[],
			"model":	"../assets/models/landscape03.fbx",
			"enableLights":	false,
			"type":	"Mesh3D"
		}],
	"shaders":	[],
	"scripts":	[],
	"camera":	{
		"position":	{
			"x":	-0.010268693789839745,
			"y":	0.069383405148983,
			"z":	0.097352489829063416
		},
		"rotation":	{
			"x":	0,
			"y":	0,
			"z":	0
		}
	}
}