{
	"ads":	{
		"direction":	{
			"x":	-0.43407794833183289,
			"y":	-0.27903726696968079,
			"z":	1
		},
		"diffuse":	{
			"x":	0.4754098653793335,
			"y":	0.4754098653793335,
			"z":	0.4754098653793335
		},
		"specular":	{
			"x":	0.31147539615631104,
			"y":	0.31147539615631104,
			"z":	0.31147539615631104
		},
		"ambient":	{
			"x":	0.48770493268966675,
			"y":	0.48770493268966675,
			"z":	0.48770493268966675
		}
	},
	"objects":	[{
			"name":	"city",
			"scale":	1.3700000047683716,
			"stencilBufferEnabled":	false,
			"transparent":	false,
			"position":	{
				"x":	-3.5472791194915771,
				"y":	1.8086549043655396,
				"z":	37.533870697021484
			},
			"rotation":	{
				"x":	180,
				"y":	0,
				"z":	0
			},
			"rotationFrameEnabled":	true,
			"rotationFrame":	{
				"x":	0,
				"y":	0,
				"z":	0.0099999997764825821
			},
			"scripts":	[{
					"name":	"MoveUpDownObject.lua",
					"types":	[{
							"name":	"speed",
							"type":	"float",
							"value":	0.0099999997764825821
						}]
				}],
			"shaders":	[],
			"model":	"../assets/models//city.fbx",
			"enableLights":	false,
			"type":	"Mesh3D"
		}, {
			"name":	"new_object_13",
			"scale":	1,
			"stencilBufferEnabled":	false,
			"transparent":	false,
			"position":	{
				"x":	4.0164542198181152,
				"y":	-10.501631736755371,
				"z":	48.116977691650391
			},
			"rotation":	{
				"x":	0,
				"y":	0,
				"z":	0
			},
			"rotationFrameEnabled":	false,
			"scripts":	[],
			"shaders":	[],
			"ambient":	{
				"x":	0.05000000074505806,
				"y":	0.05000000074505806,
				"z":	0.05000000074505806
			},
			"diffuse":	{
				"x":	1,
				"y":	0,
				"z":	0
			},
			"specular":	{
				"x":	1,
				"y":	1,
				"z":	1
			},
			"constant":	0.23000000417232513,
			"linear":	0.090000003576278687,
			"quadratic":	0.032000001519918442,
			"type":	"LightPoint3D"
		}, {
			"name":	"new_object_88",
			"scale":	1,
			"stencilBufferEnabled":	false,
			"transparent":	false,
			"position":	{
				"x":	3.9164559841156006,
				"y":	7.6983661651611328,
				"z":	32.816978454589844
			},
			"rotation":	{
				"x":	0,
				"y":	0,
				"z":	0
			},
			"rotationFrameEnabled":	false,
			"scripts":	[],
			"shaders":	[],
			"ambient":	{
				"x":	0.05000000074505806,
				"y":	0.05000000074505806,
				"z":	0.05000000074505806
			},
			"diffuse":	{
				"x":	0.72131156921386719,
				"y":	1,
				"z":	0
			},
			"specular":	{
				"x":	1,
				"y":	1,
				"z":	1
			},
			"constant":	0.12999999523162842,
			"linear":	0.090000003576278687,
			"quadratic":	0.032000001519918442,
			"type":	"LightPoint3D"
		}, {
			"name":	"new_object_88",
			"scale":	1,
			"stencilBufferEnabled":	false,
			"transparent":	false,
			"position":	{
				"x":	-17.483556747436523,
				"y":	-11.001630783081055,
				"z":	48.5169792175293
			},
			"rotation":	{
				"x":	0,
				"y":	0,
				"z":	0
			},
			"rotationFrameEnabled":	false,
			"scripts":	[],
			"shaders":	[],
			"ambient":	{
				"x":	1,
				"y":	0,
				"z":	0.34426259994506836
			},
			"diffuse":	{
				"x":	1,
				"y":	0,
				"z":	0.95901632308959961
			},
			"specular":	{
				"x":	1,
				"y":	1,
				"z":	1
			},
			"constant":	0.039999999105930328,
			"linear":	0.090000003576278687,
			"quadratic":	0.032000001519918442,
			"type":	"LightPoint3D"
		}],
	"shaders":	[],
	"scripts":	[],
	"camera":	{
		"position":	{
			"x":	0.25000002980232239,
			"y":	-0.17000000178813934,
			"z":	0.21697762608528137
		},
		"rotation":	{
			"x":	0,
			"y":	0,
			"z":	0
		}
	}
}