{
	"ads":	{
		"diffuse":	{
			"x":	0.4754098653793335,
			"y":	0.4754098653793335,
			"z":	0.4754098653793335
		},
		"specular":	{
			"x":	0.31147539615631104,
			"y":	0.31147539615631104,
			"z":	0.31147539615631104
		},
		"ambient":	{
			"x":	0.48770493268966675,
			"y":	0.48770493268966675,
			"z":	0.48770493268966675
		}
	},
	"objects":	[{
			"name":	"Landscape",
			"scale":	1,
			"stencilBufferEnabled":	false,
			"transparent":	false,
			"position":	{
				"x":	0.050522029399871826,
				"y":	-0.10325584560632706,
				"z":	50
			},
			"rotation":	{
				"x":	124.79998779296875,
				"y":	0,
				"z":	0
			},
			"rotationFrameEnabled":	false,
			"scripts":	[],
			"shaders":	[],
			"model":	"../assets/models//landscape01.fbx",
			"enableLights":	false,
			"type":	"Mesh3D"
		}, {
			"name":	"marsh",
			"scale":	22.559999465942383,
			"stencilBufferEnabled":	false,
			"transparent":	false,
			"position":	{
				"x":	-40.098323822021484,
				"y":	-36.399188995361328,
				"z":	116.92331695556641
			},
			"rotation":	{
				"x":	106.40000152587891,
				"y":	0,
				"z":	0
			},
			"rotationFrameEnabled":	true,
			"rotationFrame":	{
				"x":	0.0099999997764825821,
				"y":	0.0099999997764825821,
				"z":	0
			},
			"scripts":	[],
			"shaders":	[],
			"model":	"../assets/models//p_marsh.fbx",
			"enableLights":	false,
			"type":	"Mesh3D"
		}],
	"shaders":	[],
	"scripts":	[],
	"camera":	{
		"position":	{
			"x":	1.55123770236969,
			"y":	0.73570996522903442,
			"z":	13.532439231872559
		},
		"rotation":	{
			"x":	-6.75,
			"y":	2,
			"z":	0
		}
	}
}