{
	"ads":	{
		"direction":	{
			"x":	-0.31899380683898926,
			"y":	-0.056218847632408142,
			"z":	1
		},
		"diffuse":	{
			"x":	0.34836065769195557,
			"y":	0.34836065769195557,
			"z":	0.34836065769195557
		},
		"specular":	{
			"x":	0.88934427499771118,
			"y":	0.38784828782081604,
			"z":	0.094766184687614441
		},
		"ambient":	{
			"x":	0.79098361730575562,
			"y":	0.55130767822265625,
			"z":	0.0778016671538353
		}
	},
	"objects":	[
		{
			"name":	"city",
			"scale":	1.3700000047683716,
			"stencilBufferEnabled":	false,
			"transparent":	false,
			"position":	{
				"x":	-4.4525699615478516,
				"y":	1.7422741651535034,
				"z":	37.533870697021484
			},
			"rotation":	{
				"x":	180,
				"y":	0,
				"z":	0
			},
			"rotationFrameEnabled":	false,
			"scripts":	[],
			"shaders":	[],
			"model":	"../assets/models//city.fbx",
			"enableLights":	false,
			"type":	"Mesh3D"
		}
	],
	"shaders":	[],
	"scripts":	[],
	"camera":	{
		"position":	{
			"x":	0,
			"y":	-0.049999997019767761,
			"z":	0.16789986193180084
		},
		"rotation":	{
			"x":	0,
			"y":	0,
			"z":	0
		}
	}
}