{
	"ads":	{
		"direction": {
			"x":	0.0,
			"y":	0.0,
			"z":	1.0
		},
		"diffuse":	{
			"x":	1,
			"y":	1,
			"z":	1
		},
		"specular":	{
			"x":	0,
			"y":	0,
			"z":	0
		},
		"ambient":	{
			"x":	0.84426230192184448,
			"y":	0.84426230192184448,
			"z":	0.84426230192184448
		}
	},
	"objects":	[],
	"shaders":	[],
	"scripts":	[],
	"camera":	{
		"position":	{
			"x":	-0.070877477526664734,
			"y":	-0.010642627254128456,
			"z":	0.1045653373003006
		},
		"rotation":	{
			"x":	0,
			"y":	0,
			"z":	0
		}
	}
}