{
	"ads":	{
		"direction":	{
			"x":	0,
			"y":	0,
			"z":	1
		},
		"diffuse":	{
			"x":	0.4754098653793335,
			"y":	0.4754098653793335,
			"z":	0.4754098653793335
		},
		"specular":	{
			"x":	0.31147539615631104,
			"y":	0.31147539615631104,
			"z":	0.31147539615631104
		},
		"ambient":	{
			"x":	0.48770493268966675,
			"y":	0.48770493268966675,
			"z":	0.48770493268966675
		}
	},
	"objects":	[{
			"name":	"added_item_40",
			"scale":	3.0499999523162842,
			"stencilBufferEnabled":	false,
			"transparent":	false,
			"position":	{
				"x":	6.4597320556640625,
				"y":	0.27938345074653625,
				"z":	250
			},
			"rotation":	{
				"x":	0,
				"y":	54.000003814697266,
				"z":	0
			},
			"rotationFrameEnabled":	true,
			"rotationFrame":	{
				"x":	0.0099999997764825821,
				"y":	0.0099999997764825821,
				"z":	0
			},
			"scripts":	[],
			"shaders":	[],
			"model":	"../assets/models//planets/planet_d.fbx",
			"enableLights":	false,
			"type":	"Mesh3D"
		}, {
			"name":	"added_item_18",
			"scale":	2.2699999809265137,
			"stencilBufferEnabled":	false,
			"transparent":	false,
			"position":	{
				"x":	-0.14026868343353271,
				"y":	0.27938345074653625,
				"z":	250
			},
			"rotation":	{
				"x":	7.5,
				"y":	125.5,
				"z":	128.19999694824219
			},
			"rotationFrameEnabled":	false,
			"scripts":	[],
			"shaders":	[],
			"model":	"../assets/models//planets/planet_ring.fbx",
			"enableLights":	false,
			"type":	"Mesh3D"
		}],
	"shaders":	[],
	"scripts":	[],
	"camera":	{
		"position":	{
			"x":	-0.14026868343353271,
			"y":	0.27938345074653625,
			"z":	0.097352489829063416
		},
		"rotation":	{
			"x":	0,
			"y":	0,
			"z":	0
		}
	}
}