{
	"ads":	{
		"direction":	{
			"x":	0.12999999523162842,
			"y":	0.23999999463558197,
			"z":	1
		},
		"diffuse":	{
			"x":	0.34836065769195557,
			"y":	0.34836065769195557,
			"z":	0.34836065769195557
		},
		"specular":	{
			"x":	0.88934427499771118,
			"y":	0.38784828782081604,
			"z":	0.094766184687614441
		},
		"ambient":	{
			"x":	0.79098361730575562,
			"y":	0.55130767822265625,
			"z":	0.0778016671538353
		}
	},
	"objects":	[{
			"name":	"Light",
			"scale":	1,
			"stencilBufferEnabled":	false,
			"transparent":	false,
			"position":	{
				"x":	-20.119003295898438,
				"y":	4.6349701881408691,
				"z":	66.422531127929688
			},
			"rotation":	{
				"x":	0,
				"y":	0,
				"z":	0
			},
			"rotationFrameEnabled":	false,
			"scripts":	[],
			"shaders":	[],
			"ambient":	{
				"x":	0,
				"y":	0.21311473846435547,
				"z":	1
			},
			"diffuse":	{
				"x":	0,
				"y":	0.073233023285865784,
				"z":	0.44672131538391113
			},
			"specular":	{
				"x":	0.43491414189338684,
				"y":	0.52868854999542236,
				"z":	0.0086669838055968285
			},
			"constant":	0.8399999737739563,
			"linear":	0.059999998658895493,
			"quadratic":	1.9999999494757503e-05,
			"type":	"LightPoint3D"
		}, {
			"name":	"added_item_1",
			"scale":	1,
			"stencilBufferEnabled":	false,
			"transparent":	false,
			"position":	{
				"x":	0,
				"y":	-1.6160449981689453,
				"z":	45.807308197021484
			},
			"rotation":	{
				"x":	180,
				"y":	0,
				"z":	0
			},
			"rotationFrameEnabled":	false,
			"scripts":	[{
					"name":	"MoveUpDownObject.lua",
					"types":	[{
							"name":	"speed",
							"type":	"float",
							"value":	0.0099999997764825821
						}]
				}],
			"shaders":	[],
			"model":	"../assets/models/stations/station01.fbx",
			"enableLights":	false,
			"type":	"Mesh3D"
		}],
	"shaders":	[],
	"scripts":	[],
	"camera":	{
		"position":	{
			"x":	0,
			"y":	0,
			"z":	3.3632349967956543
		},
		"rotation":	{
			"x":	0,
			"y":	0,
			"z":	0
		}
	}
}