{
	"ads":	{
		"direction":	{
			"x":	0.27772045135498047,
			"y":	-0.30788916349411011,
			"z":	1
		},
		"diffuse":	{
			"x":	0.4754098653793335,
			"y":	0.4754098653793335,
			"z":	0.4754098653793335
		},
		"specular":	{
			"x":	0.31147539615631104,
			"y":	0.31147539615631104,
			"z":	0.31147539615631104
		},
		"ambient":	{
			"x":	0.48770493268966675,
			"y":	0.48770493268966675,
			"z":	0.48770493268966675
		}
	},
	"objects":	[{
			"name":	"Station",
			"scale":	1,
			"stencilBufferEnabled":	false,
			"transparent":	false,
			"position":	{
				"x":	5.0231952667236328,
				"y":	15.757380485534668,
				"z":	70.533866882324219
			},
			"rotation":	{
				"x":	-0.30000001192092896,
				"y":	-21.499998092651367,
				"z":	0
			},
			"rotationFrameEnabled":	false,
			"scripts":	[{
					"name":	"MoveUpDownObject.lua",
					"types":	[{
							"name":	"speed",
							"type":	"float",
							"value":	0.0099999997764825821
						}]
				}],
			"shaders":	[],
			"model":	"../assets/models//stations/station05.fbx",
			"enableLights":	false,
			"type":	"Mesh3D"
		}, {
			"name":	"Planet",
			"scale":	1,
			"stencilBufferEnabled":	false,
			"transparent":	false,
			"position":	{
				"x":	-40.476921081542969,
				"y":	2.0058066844940186,
				"z":	165.33387756347656
			},
			"rotation":	{
				"x":	0,
				"y":	0,
				"z":	0
			},
			"rotationFrameEnabled":	true,
			"rotationFrame":	{
				"x":	0.0099999997764825821,
				"y":	0.0099999997764825821,
				"z":	0
			},
			"scripts":	[],
			"shaders":	[],
			"model":	"../assets/models//planets/planet_d.fbx",
			"enableLights":	false,
			"type":	"Mesh3D"
		}, {
			"name":	"Planet2",
			"scale":	1.7999999523162842,
			"stencilBufferEnabled":	false,
			"transparent":	false,
			"position":	{
				"x":	70.524055480957031,
				"y":	52.241313934326172,
				"z":	177.93386840820312
			},
			"rotation":	{
				"x":	37.400001525878906,
				"y":	50,
				"z":	0
			},
			"rotationFrameEnabled":	true,
			"rotationFrame":	{
				"x":	0.0099999997764825821,
				"y":	0.0099999997764825821,
				"z":	0
			},
			"scripts":	[],
			"shaders":	[],
			"model":	"../assets/models//planets/planet_c.fbx",
			"enableLights":	false,
			"type":	"Mesh3D"
		}],
	"shaders":	[],
	"scripts":	[],
	"camera":	{
		"position":	{
			"x":	0,
			"y":	0,
			"z":	0
		},
		"rotation":	{
			"x":	0,
			"y":	0,
			"z":	0
		}
	}
}