{
	"ads":	{
		"direction":	{
			"x":	0.74187278747558594,
			"y":	-0.51574033498764038,
			"z":	1
		},
		"diffuse":	{
			"x":	0.4754098653793335,
			"y":	0.4754098653793335,
			"z":	0.4754098653793335
		},
		"specular":	{
			"x":	0.31147539615631104,
			"y":	0.31147539615631104,
			"z":	0.31147539615631104
		},
		"ambient":	{
			"x":	0.48770493268966675,
			"y":	0.48770493268966675,
			"z":	0.48770493268966675
		}
	},
	"objects":	[{
			"name":	"city",
			"scale":	1.3700000047683716,
			"stencilBufferEnabled":	false,
			"transparent":	false,
			"position":	{
				"x":	-6.0284314155578613,
				"y":	-6.0683379173278809,
				"z":	49.733871459960938
			},
			"rotation":	{
				"x":	90,
				"y":	0,
				"z":	0
			},
			"rotationFrameEnabled":	false,
			"scripts":	[{
					"name":	"MoveUpDownObject.lua",
					"types":	[{
							"name":	"speed",
							"type":	"float",
							"value":	0.0099999997764825821
						}]
				}],
			"shaders":	[],
			"model":	"../assets/models//city.fbx",
			"enableLights":	false,
			"type":	"Mesh3D"
		}],
	"shaders":	[],
	"scripts":	[],
	"camera":	{
		"position":	{
			"x":	-0.35999992489814758,
			"y":	1.0899993181228638,
			"z":	0.13809473812580109
		},
		"rotation":	{
			"x":	0,
			"y":	0,
			"z":	0
		}
	}
}