{
	"ads":	{
		"diffuse":	{
			"x":	0.4754098653793335,
			"y":	0.4754098653793335,
			"z":	0.4754098653793335
		},
		"specular":	{
			"x":	0.31147539615631104,
			"y":	0.31147539615631104,
			"z":	0.31147539615631104
		},
		"ambient":	{
			"x":	0.48770493268966675,
			"y":	0.48770493268966675,
			"z":	0.48770493268966675
		}
	},
	"objects":	[{
			"name":	"DestroyPlanet",
			"scale":	18.25,
			"stencilBufferEnabled":	false,
			"transparent":	false,
			"position":	{
				"x":	-55.576656341552734,
				"y":	-1.5393160581588745,
				"z":	326.54013061523438
			},
			"rotation":	{
				"x":	100.80000305175781,
				"y":	0,
				"z":	0
			},
			"rotationFrameEnabled":	true,
			"rotationFrame":	{
				"x":	0.0099999997764825821,
				"y":	0.0099999997764825821,
				"z":	0
			},
			"scripts":	[],
			"shaders":	[],
			"model":	"../assets/models/broken_planet.fbx",
			"enableLights":	false,
			"type":	"Mesh3D"
		}, {
			"name":	"DestroyDish",
			"scale":	3.9700000286102295,
			"stencilBufferEnabled":	false,
			"transparent":	false,
			"position":	{
				"x":	0.40352633595466614,
				"y":	4.0482540130615234,
				"z":	124.44012451171875
			},
			"rotation":	{
				"x":	7.1100001335144043,
				"y":	70.810005187988281,
				"z":	-22
			},
			"rotationFrameEnabled":	true,
			"rotationFrame":	{
				"x":	0.05000000074505806,
				"y":	0.05000000074505806,
				"z":	0
			},
			"scripts":	[],
			"shaders":	[],
			"model":	"../assets/models/dish_dead.fbx",
			"enableLights":	false,
			"type":	"Mesh3D"
		}, {
			"name":	"DestroyDish02",
			"scale":	5.6599998474121094,
			"stencilBufferEnabled":	false,
			"transparent":	false,
			"position":	{
				"x":	-40.851844787597656,
				"y":	-25.003280639648438,
				"z":	120.94012451171875
			},
			"rotation":	{
				"x":	0,
				"y":	0,
				"z":	0
			},
			"rotationFrameEnabled":	true,
			"rotationFrame":	{
				"x":	0.05000000074505806,
				"y":	0.05000000074505806,
				"z":	0
			},
			"scripts":	[],
			"shaders":	[],
			"model":	"../assets/models/dish_dead.fbx",
			"enableLights":	false,
			"type":	"Mesh3D"
		}, {
			"name":	"DestroyDish03",
			"scale":	6.5999999046325684,
			"stencilBufferEnabled":	false,
			"transparent":	false,
			"position":	{
				"x":	-41.371994018554688,
				"y":	35.752342224121094,
				"z":	143.94012451171875
			},
			"rotation":	{
				"x":	0,
				"y":	0,
				"z":	0
			},
			"rotationFrameEnabled":	true,
			"rotationFrame":	{
				"x":	0.05000000074505806,
				"y":	0.05000000074505806,
				"z":	0
			},
			"scripts":	[],
			"shaders":	[],
			"model":	"../assets/models/dish_dead.fbx",
			"enableLights":	false,
			"type":	"Mesh3D"
		}],
	"shaders":	[],
	"scripts":	[],
	"camera":	{
		"position":	{
			"x":	-0.5699998140335083,
			"y":	1.0999993085861206,
			"z":	0.24011898040771484
		},
		"rotation":	{
			"x":	0,
			"y":	0,
			"z":	0
		}
	}
}