{
	"ads":	{
		"direction":	{
			"x":	0,
			"y":	0,
			"z":	1
		},
		"diffuse":	{
			"x":	0.75,
			"y":	0.75,
			"z":	0.75
		},
		"specular":	{
			"x":	0.31147539615631104,
			"y":	0.31147539615631104,
			"z":	0.31147539615631104
		},
		"ambient":	{
			"x":	0.35155197978019714,
			"y":	0.39450958371162415,
			"z":	0.6598360538482666
		}
	},
	"objects":	[{
			"name":	"Station",
			"scale":	1,
			"stencilBufferEnabled":	false,
			"transparent":	false,
			"position":	{
				"x":	18.010396957397461,
				"y":	23.216094970703125,
				"z":	77.402458190917969
			},
			"rotation":	{
				"x":	44.900001525878906,
				"y":	155,
				"z":	-0.69999802112579346
			},
			"rotationFrameEnabled":	false,
			"scripts":	[],
			"shaders":	[],
			"model":	"../assets/models/stations/station01.fbx",
			"enableLights":	false,
			"type":	"Mesh3D"
		}, {
			"name":	"Planet",
			"scale":	2.0299999713897705,
			"stencilBufferEnabled":	false,
			"transparent":	false,
			"position":	{
				"x":	-33.884647369384766,
				"y":	-1.215833306312561,
				"z":	119.10245513916016
			},
			"rotation":	{
				"x":	0,
				"y":	0,
				"z":	0
			},
			"rotationFrameEnabled":	true,
			"rotationFrame":	{
				"x":	0.0099999997764825821,
				"y":	0.0099999997764825821,
				"z":	0
			},
			"scripts":	[],
			"shaders":	[],
			"model":	"../assets/models//planets/planet_c.fbx",
			"enableLights":	false,
			"type":	"Mesh3D"
		}, {
			"name":	"Planet02",
			"scale":	1.7799999713897705,
			"stencilBufferEnabled":	false,
			"transparent":	false,
			"position":	{
				"x":	-1.1896762847900391,
				"y":	-46.587985992431641,
				"z":	157.80245971679688
			},
			"rotation":	{
				"x":	-5.6999998092651367,
				"y":	0,
				"z":	0
			},
			"rotationFrameEnabled":	false,
			"scripts":	[],
			"shaders":	[],
			"model":	"../assets/models//planets/planet_b.fbx",
			"enableLights":	false,
			"type":	"Mesh3D"
		}],
	"shaders":	[],
	"scripts":	[],
	"camera":	{
		"position":	{
			"x":	0.099999986588954926,
			"y":	0.10999998450279236,
			"z":	0.20245787501335144
		},
		"rotation":	{
			"x":	0,
			"y":	0,
			"z":	0
		}
	}
}