{
	"ads":	{
		"direction":	{
			"x":	-1.7658473253250122,
			"y":	-0.7187199592590332,
			"z":	1
		},
		"diffuse":	{
			"x":	0.4754098653793335,
			"y":	0.4754098653793335,
			"z":	0.4754098653793335
		},
		"specular":	{
			"x":	0.31147539615631104,
			"y":	0.31147539615631104,
			"z":	0.31147539615631104
		},
		"ambient":	{
			"x":	0.48770493268966675,
			"y":	0.48770493268966675,
			"z":	0.48770493268966675
		}
	},
	"objects":	[{
			"name":	"Station",
			"scale":	2.440000057220459,
			"stencilBufferEnabled":	false,
			"transparent":	false,
			"position":	{
				"x":	1.6246030330657959,
				"y":	-37.118316650390625,
				"z":	131.52566528320312
			},
			"rotation":	{
				"x":	51.400001525878906,
				"y":	180,
				"z":	0
			},
			"rotationFrameEnabled":	false,
			"scripts":	[{
					"name":	"MoveUpDownObject.lua",
					"types":	[{
							"name":	"speed",
							"type":	"float",
							"value":	0.0099999997764825821
						}]
				}],
			"shaders":	[],
			"model":	"../assets/models//stations/station03.fbx",
			"enableLights":	false,
			"type":	"Mesh3D"
		}, {
			"name":	"Planet",
			"scale":	5.9800000190734863,
			"stencilBufferEnabled":	false,
			"transparent":	false,
			"position":	{
				"x":	-1.961331844329834,
				"y":	198.02362060546875,
				"z":	480.10000610351562
			},
			"rotation":	{
				"x":	29.100000381469727,
				"y":	106.40000152587891,
				"z":	265.80001831054688
			},
			"rotationFrameEnabled":	true,
			"rotationFrame":	{
				"x":	0.0099999997764825821,
				"y":	0.0099999997764825821,
				"z":	0
			},
			"scripts":	[],
			"shaders":	[],
			"model":	"../assets/models//planets/planet_a.fbx",
			"enableLights":	false,
			"type":	"Mesh3D"
		}],
	"shaders":	[],
	"scripts":	[],
	"camera":	{
		"position":	{
			"x":	0.19473788142204285,
			"y":	0.24048663675785065,
			"z":	0.033871162682771683
		},
		"rotation":	{
			"x":	0,
			"y":	0,
			"z":	0
		}
	}
}