{
	"ads":	{
		"direction":	{
			"x":	-1.4647936820983887,
			"y":	0.02581450343132019,
			"z":	1
		},
		"diffuse":	{
			"x":	0.4754098653793335,
			"y":	0.4754098653793335,
			"z":	0.4754098653793335
		},
		"specular":	{
			"x":	0.31147539615631104,
			"y":	0.31147539615631104,
			"z":	0.31147539615631104
		},
		"ambient":	{
			"x":	0.48770493268966675,
			"y":	0.48770493268966675,
			"z":	0.48770493268966675
		}
	},
	"objects":	[{
			"name":	"Station",
			"scale":	2.5499999523162842,
			"stencilBufferEnabled":	false,
			"transparent":	false,
			"position":	{
				"x":	55.449390411376953,
				"y":	-7.7024927139282227,
				"z":	131.52566528320312
			},
			"rotation":	{
				"x":	132.30000305175781,
				"y":	-22.600002288818359,
				"z":	40.099998474121094
			},
			"rotationFrameEnabled":	false,
			"scripts":	[{
					"name":	"MoveUpDownObject.lua",
					"types":	[{
							"name":	"speed",
							"type":	"float",
							"value":	0.0099999997764825821
						}]
				}],
			"shaders":	[],
			"model":	"../assets/models//stations/station03.fbx",
			"enableLights":	false,
			"type":	"Mesh3D"
		}, {
			"name":	"Planet",
			"scale":	3.8199999332427979,
			"stencilBufferEnabled":	false,
			"transparent":	false,
			"position":	{
				"x":	-114.93653869628906,
				"y":	30.776182174682617,
				"z":	314.22564697265625
			},
			"rotation":	{
				"x":	32.700000762939453,
				"y":	110.30000305175781,
				"z":	0
			},
			"rotationFrameEnabled":	true,
			"rotationFrame":	{
				"x":	0.0099999997764825821,
				"y":	0.0099999997764825821,
				"z":	0
			},
			"scripts":	[],
			"shaders":	[],
			"model":	"../assets/models//planets/planet_a.fbx",
			"enableLights":	false,
			"type":	"Mesh3D"
		}],
	"shaders":	[],
	"scripts":	[],
	"camera":	{
		"position":	{
			"x":	0,
			"y":	0,
			"z":	0
		},
		"rotation":	{
			"x":	0,
			"y":	0,
			"z":	0
		}
	}
}