{
	"ads":	{
		"direction":	{
			"x":	-0.277055561542511,
			"y":	0.97119361162185669,
			"z":	1
		},
		"diffuse":	{
			"x":	0.4754098653793335,
			"y":	0.4754098653793335,
			"z":	0.4754098653793335
		},
		"specular":	{
			"x":	0.31147539615631104,
			"y":	0.31147539615631104,
			"z":	0.31147539615631104
		},
		"ambient":	{
			"x":	0.48770493268966675,
			"y":	0.48770493268966675,
			"z":	0.48770493268966675
		}
	},
	"objects":	[{
			"name":	"Station",
			"scale":	1.6399999856948853,
			"stencilBufferEnabled":	false,
			"transparent":	false,
			"position":	{
				"x":	-0.5506100058555603,
				"y":	26.589853286743164,
				"z":	131.52566528320312
			},
			"rotation":	{
				"x":	323.20001220703125,
				"y":	0,
				"z":	0
			},
			"rotationFrameEnabled":	false,
			"scripts":	[{
					"name":	"MoveUpDownObject.lua",
					"types":	[{
							"name":	"speed",
							"type":	"float",
							"value":	0.0099999997764825821
						}]
				}],
			"shaders":	[],
			"model":	"../assets/models//stations/station03.fbx",
			"enableLights":	false,
			"type":	"Mesh3D"
		}, {
			"name":	"Planet",
			"scale":	5.1100001335144043,
			"stencilBufferEnabled":	false,
			"transparent":	false,
			"position":	{
				"x":	-1.2365380525588989,
				"y":	30.776182174682617,
				"z":	314.22564697265625
			},
			"rotation":	{
				"x":	29.100000381469727,
				"y":	110.30000305175781,
				"z":	0
			},
			"rotationFrameEnabled":	true,
			"rotationFrame":	{
				"x":	0.0099999997764825821,
				"y":	0.0099999997764825821,
				"z":	0
			},
			"scripts":	[],
			"shaders":	[],
			"model":	"../assets/models//planets/planet_a.fbx",
			"enableLights":	false,
			"type":	"Mesh3D"
		}],
	"shaders":	[],
	"scripts":	[],
	"camera":	{
		"position":	{
			"x":	0,
			"y":	0,
			"z":	0
		},
		"rotation":	{
			"x":	0,
			"y":	0,
			"z":	0
		}
	}
}