{
	"ads":	{
		"direction":	{
			"x":	-0.10767800360918045,
			"y":	0.3917696475982666,
			"z":	1
		},
		"diffuse":	{
			"x":	0.7049180269241333,
			"y":	0.7049180269241333,
			"z":	0.7049180269241333
		},
		"specular":	{
			"x":	0.75,
			"y":	0.65163934230804443,
			"z":	0.65163934230804443
		},
		"ambient":	{
			"x":	0.48770493268966675,
			"y":	0.48770493268966675,
			"z":	0.48770493268966675
		}
	},
	"objects":	[{
			"name":	"Shuttle",
			"scale":	6.2699999809265137,
			"stencilBufferEnabled":	false,
			"transparent":	false,
			"position":	{
				"x":	-45.907161712646484,
				"y":	-17.186630249023438,
				"z":	125.84011840820312
			},
			"rotation":	{
				"x":	134.5,
				"y":	47.600002288818359,
				"z":	-5.4000000953674316
			},
			"rotationFrameEnabled":	true,
			"rotationFrame":	{
				"x":	0.05000000074505806,
				"y":	0,
				"z":	0
			},
			"scripts":	[],
			"shaders":	[],
			"model":	"../assets/models//spaceShuttle.fbx",
			"enableLights":	false,
			"type":	"Mesh3D"
		}, {
			"name":	"Spaceship",
			"scale":	18.69999885559082,
			"stencilBufferEnabled":	false,
			"transparent":	false,
			"position":	{
				"x":	-2377.61181640625,
				"y":	-3506.65966796875,
				"z":	583.05474853515625
			},
			"rotation":	{
				"x":	83.300003051757812,
				"y":	-34.099998474121094,
				"z":	23.600002288818359
			},
			"rotationFrameEnabled":	false,
			"scripts":	[{
					"name":	"MoveForwardObject.lua",
					"types":	[{
							"name":	"speed",
							"type":	"float",
							"value":	0.05000000074505806
						}]
				}],
			"shaders":	[],
			"model":	"../assets/models//spaceships/spaceship_gray_02.fbx",
			"enableLights":	false,
			"type":	"Mesh3D"
		}, {
			"name":	"Station",
			"scale":	1.3600000143051147,
			"stencilBufferEnabled":	false,
			"transparent":	false,
			"position":	{
				"x":	1.780295729637146,
				"y":	0.0064550931565463543,
				"z":	49.540119171142578
			},
			"rotation":	{
				"x":	180,
				"y":	0,
				"z":	0
			},
			"rotationFrameEnabled":	true,
			"rotationFrame":	{
				"x":	0,
				"y":	0,
				"z":	0.10000000149011612
			},
			"scripts":	[],
			"shaders":	[],
			"model":	"../assets/models//stations/station02.fbx",
			"enableLights":	false,
			"type":	"Mesh3D"
		}, {
			"name":	"Planet",
			"scale":	2.4600000381469727,
			"stencilBufferEnabled":	false,
			"transparent":	false,
			"position":	{
				"x":	-1.1369823217391968,
				"y":	1.606390118598938,
				"z":	135.14012145996094
			},
			"rotation":	{
				"x":	92.5999984741211,
				"y":	-20.899999618530273,
				"z":	0
			},
			"rotationFrameEnabled":	true,
			"rotationFrame":	{
				"x":	0.0099999997764825821,
				"y":	0.0099999997764825821,
				"z":	0
			},
			"scripts":	[],
			"shaders":	[],
			"model":	"../assets/models//planets/planet_d.fbx",
			"enableLights":	false,
			"type":	"Mesh3D"
		}, {
			"name":	"Rings",
			"scale":	2.1500000953674316,
			"stencilBufferEnabled":	false,
			"transparent":	false,
			"position":	{
				"x":	-8.3369836807250977,
				"y":	-8.1936044692993164,
				"z":	125.54013061523438
			},
			"rotation":	{
				"x":	131.30000305175781,
				"y":	-11.40000057220459,
				"z":	46.800003051757812
			},
			"rotationFrameEnabled":	false,
			"scripts":	[],
			"shaders":	[],
			"model":	"../assets/models//planets/planet_ring.fbx",
			"enableLights":	false,
			"type":	"Mesh3D"
		}, {
			"name":	"Light",
			"scale":	1,
			"stencilBufferEnabled":	false,
			"transparent":	false,
			"position":	{
				"x":	-1.0804009437561035,
				"y":	11.13820743560791,
				"z":	39.901229858398438
			},
			"rotation":	{
				"x":	0,
				"y":	0,
				"z":	0
			},
			"rotationFrameEnabled":	false,
			"scripts":	[{
					"name":	"MoveUpDownObject.lua",
					"types":	[{
							"name":	"speed",
							"type":	"float",
							"value":	0.05000000074505806
						}]
				}],
			"shaders":	[],
			"ambient":	{
				"x":	0.05000000074505806,
				"y":	0.05000000074505806,
				"z":	0.05000000074505806
			},
			"diffuse":	{
				"x":	0.95081967115402222,
				"y":	0.08010806143283844,
				"z":	0.0350712314248085
			},
			"specular":	{
				"x":	0.62295079231262207,
				"y":	0.21445843577384949,
				"z":	0
			},
			"constant":	0.20999999344348907,
			"linear":	-0.15000000596046448,
			"quadratic":	0.032000001519918442,
			"type":	"LightPoint3D"
		}],
	"shaders":	[],
	"scripts":	[],
	"camera":	{
		"position":	{
			"x":	0,
			"y":	0,
			"z":	0
		},
		"rotation":	{
			"x":	0,
			"y":	0,
			"z":	0
		}
	}
}