{
	"ads":	{
		"direction":	{
			"x":	-0.24307957291603088,
			"y":	0.2661152780056,
			"z":	1
		},
		"diffuse":	{
			"x":	1,
			"y":	1,
			"z":	1
		},
		"specular":	{
			"x":	0.31147539615631104,
			"y":	0.31147539615631104,
			"z":	0.31147539615631104
		},
		"ambient":	{
			"x":	0.6803278923034668,
			"y":	0.48926562070846558,
			"z":	0.15056435763835907
		}
	},
	"objects":	[{
			"name":	"asteroid01",
			"scale":	5.690000057220459,
			"stencilBufferEnabled":	false,
			"transparent":	false,
			"position":	{
				"x":	24.367326736450195,
				"y":	10.909948348999023,
				"z":	50.116813659667969
			},
			"rotation":	{
				"x":	0,
				"y":	0,
				"z":	0
			},
			"rotationFrameEnabled":	true,
			"rotationFrame":	{
				"x":	0.10000000149011612,
				"y":	0.10000000149011612,
				"z":	0
			},
			"scripts":	[],
			"shaders":	[],
			"model":	"../assets/models/asteroid_01.fbx",
			"enableLights":	false,
			"type":	"Mesh3D"
		}, {
			"name":	"asteroid02",
			"scale":	4.1999998092651367,
			"stencilBufferEnabled":	false,
			"transparent":	false,
			"position":	{
				"x":	-8.5327062606811523,
				"y":	-3.2899858951568604,
				"z":	50.016811370849609
			},
			"rotation":	{
				"x":	0,
				"y":	0,
				"z":	0
			},
			"rotationFrameEnabled":	true,
			"rotationFrame":	{
				"x":	0.10000000149011612,
				"y":	0.10000000149011612,
				"z":	0
			},
			"scripts":	[],
			"shaders":	[],
			"model":	"../assets/models/asteroid_01.fbx",
			"enableLights":	false,
			"type":	"Mesh3D"
		}, {
			"name":	"asteroid03",
			"scale":	2.7599999904632568,
			"stencilBufferEnabled":	false,
			"transparent":	false,
			"position":	{
				"x":	18.867277145385742,
				"y":	22.109836578369141,
				"z":	50.716812133789062
			},
			"rotation":	{
				"x":	0,
				"y":	0,
				"z":	0
			},
			"rotationFrameEnabled":	true,
			"rotationFrame":	{
				"x":	0.10000000149011612,
				"y":	0.10000000149011612,
				"z":	0
			},
			"scripts":	[],
			"shaders":	[],
			"model":	"../assets/models/asteroid_01.fbx",
			"enableLights":	false,
			"type":	"Mesh3D"
		}, {
			"name":	"asteroid04",
			"scale":	1.1699999570846558,
			"stencilBufferEnabled":	false,
			"transparent":	false,
			"position":	{
				"x":	10.267295837402344,
				"y":	5.5099554061889648,
				"z":	50.716812133789062
			},
			"rotation":	{
				"x":	0,
				"y":	0,
				"z":	0
			},
			"rotationFrameEnabled":	true,
			"rotationFrame":	{
				"x":	0.10000000149011612,
				"y":	0.10000000149011612,
				"z":	0
			},
			"scripts":	[],
			"shaders":	[],
			"model":	"../assets/models/asteroid_02.fbx",
			"enableLights":	false,
			"type":	"Mesh3D"
		}, {
			"name":	"asteroid05",
			"scale":	1.6499999761581421,
			"stencilBufferEnabled":	false,
			"transparent":	false,
			"position":	{
				"x":	-7.0327324867248535,
				"y":	11.609939575195312,
				"z":	50.91680908203125
			},
			"rotation":	{
				"x":	0,
				"y":	0,
				"z":	0
			},
			"rotationFrameEnabled":	true,
			"rotationFrame":	{
				"x":	0.10000000149011612,
				"y":	0.10000000149011612,
				"z":	0
			},
			"scripts":	[],
			"shaders":	[],
			"model":	"../assets/models/asteroid_02.fbx",
			"enableLights":	false,
			"type":	"Mesh3D"
		}, {
			"name":	"asteroid06",
			"scale":	2.1600000858306885,
			"stencilBufferEnabled":	false,
			"transparent":	false,
			"position":	{
				"x":	6.6672348976135254,
				"y":	17.710002899169922,
				"z":	50.316810607910156
			},
			"rotation":	{
				"x":	0,
				"y":	0,
				"z":	0
			},
			"rotationFrameEnabled":	true,
			"rotationFrame":	{
				"x":	0.10000000149011612,
				"y":	0.10000000149011612,
				"z":	0
			},
			"scripts":	[],
			"shaders":	[],
			"model":	"../assets/models/asteroid_02.fbx",
			"enableLights":	false,
			"type":	"Mesh3D"
		}, {
			"name":	"added_item_18",
			"scale":	2.8599998950958252,
			"stencilBufferEnabled":	false,
			"transparent":	false,
			"position":	{
				"x":	3.2268352508544922,
				"y":	17.841773986816406,
				"z":	291.42306518554688
			},
			"rotation":	{
				"x":	40.100002288818359,
				"y":	4.5,
				"z":	0
			},
			"rotationFrameEnabled":	true,
			"rotationFrame":	{
				"x":	0.0099999997764825821,
				"y":	0.0099999997764825821,
				"z":	0
			},
			"scripts":	[],
			"shaders":	[],
			"model":	"../assets/models//planets/planet_c.fbx",
			"enableLights":	false,
			"type":	"Mesh3D"
		}, {
			"name":	"added_item_71",
			"scale":	2.5499999523162842,
			"stencilBufferEnabled":	false,
			"transparent":	false,
			"position":	{
				"x":	2.9419078826904297,
				"y":	48.097713470458984,
				"z":	177.52305603027344
			},
			"rotation":	{
				"x":	0,
				"y":	66.5999984741211,
				"z":	0
			},
			"rotationFrameEnabled":	true,
			"rotationFrame":	{
				"x":	0.0099999997764825821,
				"y":	0.0010000000474974513,
				"z":	0
			},
			"scripts":	[],
			"shaders":	[],
			"model":	"../assets/models//planets/planet_b.fbx",
			"enableLights":	false,
			"type":	"Mesh3D"
		}, {
			"name":	"Station",
			"scale":	1,
			"stencilBufferEnabled":	false,
			"transparent":	false,
			"position":	{
				"x":	-25.035202026367188,
				"y":	9.4959049224853516,
				"z":	36.923057556152344
			},
			"rotation":	{
				"x":	99.699996948242188,
				"y":	40,
				"z":	-22.5
			},
			"rotationFrameEnabled":	false,
			"scripts":	[{
					"name":	"MoveUpDownObject.lua",
					"types":	[{
							"name":	"speed",
							"type":	"float",
							"value":	0.0099999997764825821
						}]
				}],
			"shaders":	[],
			"model":	"../assets/models/stations/station01.fbx",
			"enableLights":	false,
			"type":	"Mesh3D"
		}],
	"shaders":	[],
	"scripts":	[],
	"camera":	{
		"position":	{
			"x":	0,
			"y":	0,
			"z":	5
		},
		"rotation":	{
			"x":	0,
			"y":	0,
			"z":	0
		}
	}
}