{
	"ads":	{
		"direction":	{
			"x":	-1.3318145275115967,
			"y":	-0.28576132655143738,
			"z":	1
		},
		"diffuse":	{
			"x":	0.4754098653793335,
			"y":	0.4754098653793335,
			"z":	0.4754098653793335
		},
		"specular":	{
			"x":	0.31147539615631104,
			"y":	0.31147539615631104,
			"z":	0.31147539615631104
		},
		"ambient":	{
			"x":	0.48770493268966675,
			"y":	0.48770493268966675,
			"z":	0.48770493268966675
		}
	},
	"objects":	[{
			"name":	"Station",
			"scale":	3.4300000667572021,
			"stencilBufferEnabled":	false,
			"transparent":	false,
			"position":	{
				"x":	0.72187298536300659,
				"y":	-0.92846584320068359,
				"z":	211.02566528320312
			},
			"rotation":	{
				"x":	90,
				"y":	0,
				"z":	0
			},
			"rotationFrameEnabled":	false,
			"scripts":	[{
					"name":	"MoveUpDownObject.lua",
					"types":	[{
							"name":	"speed",
							"type":	"float",
							"value":	0.0099999997764825821
						}]
				}],
			"shaders":	[],
			"model":	"../assets/models//stations/station03.fbx",
			"enableLights":	false,
			"type":	"Mesh3D"
		}, {
			"name":	"Planet",
			"scale":	5.1100001335144043,
			"stencilBufferEnabled":	false,
			"transparent":	false,
			"position":	{
				"x":	0.035945113748311996,
				"y":	30.913124084472656,
				"z":	314.22564697265625
			},
			"rotation":	{
				"x":	29.100000381469727,
				"y":	110.30000305175781,
				"z":	0
			},
			"rotationFrameEnabled":	true,
			"rotationFrame":	{
				"x":	0.0099999997764825821,
				"y":	0.0099999997764825821,
				"z":	0
			},
			"scripts":	[],
			"shaders":	[],
			"model":	"../assets/models//planets/planet_a.fbx",
			"enableLights":	false,
			"type":	"Mesh3D"
		}],
	"shaders":	[],
	"scripts":	[],
	"camera":	{
		"position":	{
			"x":	0.19473788142204285,
			"y":	0.24048663675785065,
			"z":	0.033871162682771683
		},
		"rotation":	{
			"x":	0,
			"y":	0,
			"z":	0
		}
	}
}