{
	"ads":	{
		"direction":	{
			"x":	-0.31871476769447327,
			"y":	-0.20829811692237854,
			"z":	1
		},
		"diffuse":	{
			"x":	0.4754098653793335,
			"y":	0.4754098653793335,
			"z":	0.4754098653793335
		},
		"specular":	{
			"x":	0.31147539615631104,
			"y":	0.31147539615631104,
			"z":	0.31147539615631104
		},
		"ambient":	{
			"x":	0.48770493268966675,
			"y":	0.48770493268966675,
			"z":	0.48770493268966675
		}
	},
	"objects":	[{
			"name":	"Station",
			"scale":	1,
			"stencilBufferEnabled":	false,
			"transparent":	false,
			"position":	{
				"x":	12.854487419128418,
				"y":	8.7674922943115234,
				"z":	40.802459716796875
			},
			"rotation":	{
				"x":	129.4000244140625,
				"y":	352.60000610351562,
				"z":	-1.0999979972839355
			},
			"rotationFrameEnabled":	false,
			"scripts":	[{
					"name":	"MoveUpDownObject.lua",
					"types":	[{
							"name":	"speed",
							"type":	"float",
							"value":	0.0099999997764825821
						}]
				}],
			"shaders":	[],
			"model":	"../assets/models/stations/station01.fbx",
			"enableLights":	false,
			"type":	"Mesh3D"
		}, {
			"name":	"Planet",
			"scale":	2.0299999713897705,
			"stencilBufferEnabled":	false,
			"transparent":	false,
			"position":	{
				"x":	-33.940647125244141,
				"y":	-0.223818838596344,
				"z":	95.70245361328125
			},
			"rotation":	{
				"x":	0,
				"y":	0,
				"z":	0
			},
			"rotationFrameEnabled":	true,
			"rotationFrame":	{
				"x":	0.0099999997764825821,
				"y":	0.0099999997764825821,
				"z":	0
			},
			"scripts":	[],
			"shaders":	[],
			"model":	"../assets/models//planets/planet_c.fbx",
			"enableLights":	false,
			"type":	"Mesh3D"
		}, {
			"name":	"Planet02",
			"scale":	1.7799999713897705,
			"stencilBufferEnabled":	false,
			"transparent":	false,
			"position":	{
				"x":	-1.2456190586090088,
				"y":	-45.595970153808594,
				"z":	157.80245971679688
			},
			"rotation":	{
				"x":	-5.6999998092651367,
				"y":	0,
				"z":	0
			},
			"rotationFrameEnabled":	false,
			"scripts":	[],
			"shaders":	[],
			"model":	"../assets/models//planets/planet_b.fbx",
			"enableLights":	false,
			"type":	"Mesh3D"
		}],
	"shaders":	[],
	"scripts":	[],
	"camera":	{
		"position":	{
			"x":	-0.039999999105930328,
			"y":	0.039999999105930328,
			"z":	0.10560677200555801
		},
		"rotation":	{
			"x":	0,
			"y":	0,
			"z":	0
		}
	}
}