{
	"ads":	{
		"diffuse":	{
			"x":	0.4754098653793335,
			"y":	0.4754098653793335,
			"z":	0.4754098653793335
		},
		"specular":	{
			"x":	0.31147539615631104,
			"y":	0.31147539615631104,
			"z":	0.31147539615631104
		},
		"ambient":	{
			"x":	0.48770493268966675,
			"y":	0.48770493268966675,
			"z":	0.48770493268966675
		}
	},
	"objects":	[{
			"name":	"Landscape",
			"scale":	50,
			"stencilBufferEnabled":	false,
			"transparent":	false,
			"position":	{
				"x":	-52.613338470458984,
				"y":	36.111305236816406,
				"z":	100
			},
			"rotation":	{
				"x":	180,
				"y":	0,
				"z":	0
			},
			"rotationFrameEnabled":	false,
			"scripts":	[],
			"shaders":	[],
			"model":	"../assets/models/landscape03.fbx",
			"enableLights":	false,
			"type":	"Mesh3D"
		}, {
			"name":	"added_item_74",
			"scale":	6.929999828338623,
			"stencilBufferEnabled":	false,
			"transparent":	false,
			"position":	{
				"x":	-19.522817611694336,
				"y":	0.6724238395690918,
				"z":	62.09735107421875
			},
			"rotation":	{
				"x":	153,
				"y":	57.300003051757812,
				"z":	-21.5
			},
			"rotationFrameEnabled":	false,
			"scripts":	[],
			"shaders":	[],
			"model":	"../assets/models//spaceShuttle.fbx",
			"enableLights":	false,
			"type":	"Mesh3D"
		}],
	"shaders":	[],
	"scripts":	[],
	"camera":	{
		"position":	{
			"x":	-0.010268693789839745,
			"y":	0.069383405148983,
			"z":	0.097352489829063416
		},
		"rotation":	{
			"x":	0,
			"y":	0,
			"z":	0
		}
	}
}