{
	"ads":	{
		"diffuse":	{
			"x":	0.4754098653793335,
			"y":	0.4754098653793335,
			"z":	0.4754098653793335
		},
		"specular":	{
			"x":	0.31147539615631104,
			"y":	0.31147539615631104,
			"z":	0.31147539615631104
		},
		"ambient":	{
			"x":	0.48770493268966675,
			"y":	0.48770493268966675,
			"z":	0.48770493268966675
		}
	},
	"objects":	[{
			"name":	"Earth",
			"scale":	14.4399995803833,
			"stencilBufferEnabled":	false,
			"transparent":	false,
			"position":	{
				"x":	-43.579837799072266,
				"y":	-55.844394683837891,
				"z":	338.10000610351562
			},
			"rotation":	{
				"x":	0,
				"y":	0,
				"z":	0
			},
			"rotationFrameEnabled":	true,
			"rotationFrame":	{
				"x":	0.05000000074505806,
				"y":	0.05000000074505806,
				"z":	0
			},
			"scripts":	[],
			"shaders":	[],
			"model":	"../assets/models/planet_earth.fbx",
			"enableLights":	false,
			"type":	"Mesh3D"
		}, {
			"name":	"Sun",
			"scale":	17.930000305175781,
			"stencilBufferEnabled":	false,
			"transparent":	false,
			"position":	{
				"x":	25.420141220092773,
				"y":	0.01801016554236412,
				"z":	404.70001220703125
			},
			"rotation":	{
				"x":	-13.699999809265137,
				"y":	0,
				"z":	14.59999942779541
			},
			"rotationFrameEnabled":	true,
			"rotationFrame":	{
				"x":	0.0099999997764825821,
				"y":	0.0099999997764825821,
				"z":	0
			},
			"scripts":	[],
			"shaders":	[],
			"model":	"../assets/models/planet_sun.fbx",
			"enableLights":	false,
			"type":	"Mesh3D"
		}, {
			"name":	"dish",
			"scale":	3.0299999713897705,
			"stencilBufferEnabled":	false,
			"transparent":	false,
			"position":	{
				"x":	88.033111572265625,
				"y":	52.990890502929688,
				"z":	180.6168212890625
			},
			"rotation":	{
				"x":	0,
				"y":	-3.9000000953674316,
				"z":	0
			},
			"rotationFrameEnabled":	true,
			"rotationFrame":	{
				"x":	0.10000000149011612,
				"y":	0.10000000149011612,
				"z":	0
			},
			"scripts":	[],
			"shaders":	[],
			"model":	"../assets/models/dish.fbx",
			"enableLights":	false,
			"type":	"Mesh3D"
		}, {
			"name":	"Spaceship01",
			"scale":	0.019999999552965164,
			"stencilBufferEnabled":	false,
			"transparent":	false,
			"position":	{
				"x":	-172.93635559082031,
				"y":	45.732990264892578,
				"z":	212.73196411132812
			},
			"rotation":	{
				"x":	-0.800000011920929,
				"y":	79.9000015258789,
				"z":	0
			},
			"rotationFrameEnabled":	false,
			"scripts":	[{
					"name":	"MoveForwardObject.lua",
					"types":	[{
							"name":	"speed",
							"type":	"float",
							"value":	0.059999998658895493
						}]
				}],
			"shaders":	[],
			"model":	"../assets/models//spaceships/red_spaceship_01.fbx",
			"enableLights":	false,
			"type":	"Mesh3D"
		}, {
			"name":	"Spaceship02",
			"scale":	0.029999999329447746,
			"stencilBufferEnabled":	false,
			"transparent":	false,
			"position":	{
				"x":	151.4617919921875,
				"y":	-59.882980346679688,
				"z":	361.6868896484375
			},
			"rotation":	{
				"x":	-7,
				"y":	-9.6000003814697266,
				"z":	-2.7999999523162842
			},
			"rotationFrameEnabled":	false,
			"scripts":	[{
					"name":	"MoveForwardObject.lua",
					"types":	[{
							"name":	"speed",
							"type":	"float",
							"value":	0.05000000074505806
						}]
				}],
			"shaders":	[],
			"model":	"../assets/models//spaceships/red_spaceship_02.fbx",
			"enableLights":	false,
			"type":	"Mesh3D"
		}, {
			"name":	"Spaceship03",
			"scale":	0.019999999552965164,
			"stencilBufferEnabled":	false,
			"transparent":	false,
			"position":	{
				"x":	-103.85076141357422,
				"y":	138.66644287109375,
				"z":	324.6868896484375
			},
			"rotation":	{
				"x":	64.699996948242188,
				"y":	12.300000190734863,
				"z":	0
			},
			"rotationFrameEnabled":	false,
			"scripts":	[{
					"name":	"MoveForwardObject.lua",
					"types":	[{
							"name":	"speed",
							"type":	"float",
							"value":	0.05000000074505806
						}]
				}],
			"shaders":	[],
			"model":	"../assets/models//spaceships/red_spaceship_03.fbx",
			"enableLights":	false,
			"type":	"Mesh3D"
		}, {
			"name":	"Spaceship04",
			"scale":	23.029998779296875,
			"stencilBufferEnabled":	false,
			"transparent":	false,
			"position":	{
				"x":	114.25787353515625,
				"y":	44.082317352294922,
				"z":	261.22979736328125
			},
			"rotation":	{
				"x":	-23.899999618530273,
				"y":	33.100002288818359,
				"z":	0
			},
			"rotationFrameEnabled":	true,
			"rotationFrame":	{
				"x":	0.10000000149011612,
				"y":	0.10000000149011612,
				"z":	0
			},
			"scripts":	[{
					"name":	"MoveForwardObject.lua",
					"types":	[{
							"name":	"speed",
							"type":	"float",
							"value":	0.05000000074505806
						}]
				}],
			"shaders":	[],
			"model":	"../assets/models//rune01.fbx",
			"enableLights":	false,
			"type":	"Mesh3D"
		}],
	"shaders":	[],
	"scripts":	[],
	"camera":	{
		"position":	{
			"x":	0.050522029399871826,
			"y":	-0.10325584560632706,
			"z":	0.22975553572177887
		},
		"rotation":	{
			"x":	0,
			"y":	0,
			"z":	0
		}
	}
}