{
	"ads":	{
		"direction":	{
			"x":	0,
			"y":	0,
			"z":	1
		},
		"diffuse":	{
			"x":	1,
			"y":	1,
			"z":	1
		},
		"specular":	{
			"x":	0.31147539615631104,
			"y":	0.31147539615631104,
			"z":	0.31147539615631104
		},
		"ambient":	{
			"x":	0.639886736869812,
			"y":	0.6598360538482666,
			"z":	0.051380693912506104
		}
	},
	"objects":	[{
			"name":	"asteroid01",
			"scale":	5.690000057220459,
			"stencilBufferEnabled":	false,
			"transparent":	false,
			"position":	{
				"x":	23.861799240112305,
				"y":	11.463379859924316,
				"z":	50.116813659667969
			},
			"rotation":	{
				"x":	0,
				"y":	0,
				"z":	0
			},
			"rotationFrameEnabled":	true,
			"rotationFrame":	{
				"x":	0.10000000149011612,
				"y":	0.10000000149011612,
				"z":	0
			},
			"scripts":	[],
			"shaders":	[],
			"model":	"../assets/models/asteroid_01.fbx",
			"enableLights":	false,
			"type":	"Mesh3D"
		}, {
			"name":	"asteroid02",
			"scale":	4.1999998092651367,
			"stencilBufferEnabled":	false,
			"transparent":	false,
			"position":	{
				"x":	-9.038238525390625,
				"y":	-2.7365500926971436,
				"z":	50.016811370849609
			},
			"rotation":	{
				"x":	0,
				"y":	0,
				"z":	0
			},
			"rotationFrameEnabled":	true,
			"rotationFrame":	{
				"x":	0.10000000149011612,
				"y":	0.10000000149011612,
				"z":	0
			},
			"scripts":	[],
			"shaders":	[],
			"model":	"../assets/models/asteroid_01.fbx",
			"enableLights":	false,
			"type":	"Mesh3D"
		}, {
			"name":	"asteroid03",
			"scale":	2.7599999904632568,
			"stencilBufferEnabled":	false,
			"transparent":	false,
			"position":	{
				"x":	18.361749649047852,
				"y":	22.663280487060547,
				"z":	50.716812133789062
			},
			"rotation":	{
				"x":	0,
				"y":	0,
				"z":	0
			},
			"rotationFrameEnabled":	true,
			"rotationFrame":	{
				"x":	0.10000000149011612,
				"y":	0.10000000149011612,
				"z":	0
			},
			"scripts":	[],
			"shaders":	[],
			"model":	"../assets/models/asteroid_01.fbx",
			"enableLights":	false,
			"type":	"Mesh3D"
		}, {
			"name":	"asteroid04",
			"scale":	1.1699999570846558,
			"stencilBufferEnabled":	false,
			"transparent":	false,
			"position":	{
				"x":	9.7617645263671875,
				"y":	6.0633926391601562,
				"z":	50.716812133789062
			},
			"rotation":	{
				"x":	0,
				"y":	0,
				"z":	0
			},
			"rotationFrameEnabled":	true,
			"rotationFrame":	{
				"x":	0.10000000149011612,
				"y":	0.10000000149011612,
				"z":	0
			},
			"scripts":	[],
			"shaders":	[],
			"model":	"../assets/models/asteroid_02.fbx",
			"enableLights":	false,
			"type":	"Mesh3D"
		}, {
			"name":	"asteroid05",
			"scale":	1.6499999761581421,
			"stencilBufferEnabled":	false,
			"transparent":	false,
			"position":	{
				"x":	-7.5382542610168457,
				"y":	12.163371086120605,
				"z":	50.91680908203125
			},
			"rotation":	{
				"x":	0,
				"y":	0,
				"z":	0
			},
			"rotationFrameEnabled":	true,
			"rotationFrame":	{
				"x":	0.10000000149011612,
				"y":	0.10000000149011612,
				"z":	0
			},
			"scripts":	[],
			"shaders":	[],
			"model":	"../assets/models/asteroid_02.fbx",
			"enableLights":	false,
			"type":	"Mesh3D"
		}, {
			"name":	"asteroid06",
			"scale":	2.1600000858306885,
			"stencilBufferEnabled":	false,
			"transparent":	false,
			"position":	{
				"x":	6.1617131233215332,
				"y":	18.263446807861328,
				"z":	50.316810607910156
			},
			"rotation":	{
				"x":	0,
				"y":	0,
				"z":	0
			},
			"rotationFrameEnabled":	true,
			"rotationFrame":	{
				"x":	0.10000000149011612,
				"y":	0.10000000149011612,
				"z":	0
			},
			"scripts":	[],
			"shaders":	[],
			"model":	"../assets/models/asteroid_02.fbx",
			"enableLights":	false,
			"type":	"Mesh3D"
		}, {
			"name":	"added_item_18",
			"scale":	2.8599998950958252,
			"stencilBufferEnabled":	false,
			"transparent":	false,
			"position":	{
				"x":	2.7213079929351807,
				"y":	18.395217895507812,
				"z":	291.42306518554688
			},
			"rotation":	{
				"x":	40.100002288818359,
				"y":	4.5,
				"z":	0
			},
			"rotationFrameEnabled":	true,
			"rotationFrame":	{
				"x":	0.0099999997764825821,
				"y":	0.0099999997764825821,
				"z":	0
			},
			"scripts":	[],
			"shaders":	[],
			"model":	"../assets/models//planets/planet_c.fbx",
			"enableLights":	false,
			"type":	"Mesh3D"
		}, {
			"name":	"added_item_71",
			"scale":	2.5499999523162842,
			"stencilBufferEnabled":	false,
			"transparent":	false,
			"position":	{
				"x":	2.4363820552825928,
				"y":	48.651161193847656,
				"z":	177.52305603027344
			},
			"rotation":	{
				"x":	0,
				"y":	66.5999984741211,
				"z":	0
			},
			"rotationFrameEnabled":	true,
			"rotationFrame":	{
				"x":	0.0099999997764825821,
				"y":	0.0010000000474974513,
				"z":	0
			},
			"scripts":	[],
			"shaders":	[],
			"model":	"../assets/models//planets/planet_b.fbx",
			"enableLights":	false,
			"type":	"Mesh3D"
		}, {
			"name":	"Station",
			"scale":	1,
			"stencilBufferEnabled":	false,
			"transparent":	false,
			"position":	{
				"x":	-25.540729522705078,
				"y":	10.033476829528809,
				"z":	36.923057556152344
			},
			"rotation":	{
				"x":	99.699996948242188,
				"y":	40,
				"z":	-22.5
			},
			"rotationFrameEnabled":	false,
			"scripts":	[],
			"shaders":	[],
			"model":	"../assets/models//station01.fbx",
			"enableLights":	false,
			"type":	"Mesh3D"
		}],
	"shaders":	[],
	"scripts":	[],
	"camera":	{
		"position":	{
			"x":	-0.14128543436527252,
			"y":	0.13819460570812225,
			"z":	0.22305718064308167
		},
		"rotation":	{
			"x":	0,
			"y":	0,
			"z":	0
		}
	}
}