{
	"ads":	{
		"direction": {
			"x":	0.0,
			"y":	0.0,
			"z":	1.0
		},
		"diffuse":	{
			"x":	0.4754098653793335,
			"y":	0.4754098653793335,
			"z":	0.4754098653793335
		},
		"specular":	{
			"x":	0.31147539615631104,
			"y":	0.31147539615631104,
			"z":	0.31147539615631104
		},
		"ambient":	{
			"x":	0.48770493268966675,
			"y":	0.48770493268966675,
			"z":	0.48770493268966675
		}
	},
	"objects":	[],
	"shaders":	[],
	"scripts":	[],
	"camera":	{
		"position":	{
			"x":	0.09473785012960434,
			"y":	0.070486597716808319,
			"z":	0.03387116193771362
		},
		"rotation":	{
			"x":	0,
			"y":	0,
			"z":	0
		}
	}
}