{
	"ads":	{
		"direction":	{
			"x":	-0.38013559579849243,
			"y":	0.26367709040641785,
			"z":	1
		},
		"diffuse":	{
			"x":	0.75,
			"y":	0.75,
			"z":	0.75
		},
		"specular":	{
			"x":	0.31147539615631104,
			"y":	0.31147539615631104,
			"z":	0.31147539615631104
		},
		"ambient":	{
			"x":	0.7295081615447998,
			"y":	0.563109278678894,
			"z":	0.14948937296867371
		}
	},
	"objects":	[{
			"name":	"Station",
			"scale":	1,
			"stencilBufferEnabled":	false,
			"transparent":	false,
			"position":	{
				"x":	18.102516174316406,
				"y":	18.648845672607422,
				"z":	60.702457427978516
			},
			"rotation":	{
				"x":	44.900001525878906,
				"y":	155,
				"z":	-0.69999802112579346
			},
			"rotationFrameEnabled":	false,
			"scripts":	[{
					"name":	"MoveUpDownObject.lua",
					"types":	[{
							"name":	"speed",
							"type":	"float",
							"value":	0.0099999997764825821
						}]
				}],
			"shaders":	[],
			"model":	"../assets/models/stations/station01.fbx",
			"enableLights":	false,
			"type":	"Mesh3D"
		}, {
			"name":	"Planet",
			"scale":	2.0299999713897705,
			"stencilBufferEnabled":	false,
			"transparent":	false,
			"position":	{
				"x":	-33.092494964599609,
				"y":	-1.7679191827774048,
				"z":	119.10245513916016
			},
			"rotation":	{
				"x":	0,
				"y":	0,
				"z":	0
			},
			"rotationFrameEnabled":	true,
			"rotationFrame":	{
				"x":	0.0099999997764825821,
				"y":	0.0099999997764825821,
				"z":	0
			},
			"scripts":	[],
			"shaders":	[],
			"model":	"../assets/models//planets/planet_c.fbx",
			"enableLights":	false,
			"type":	"Mesh3D"
		}, {
			"name":	"Planet02",
			"scale":	1.7799999713897705,
			"stencilBufferEnabled":	false,
			"transparent":	false,
			"position":	{
				"x":	-0.39756232500076294,
				"y":	-47.140052795410156,
				"z":	157.80245971679688
			},
			"rotation":	{
				"x":	-5.6999998092651367,
				"y":	0,
				"z":	0
			},
			"rotationFrameEnabled":	false,
			"scripts":	[],
			"shaders":	[],
			"model":	"../assets/models//planets/planet_b.fbx",
			"enableLights":	false,
			"type":	"Mesh3D"
		}],
	"shaders":	[],
	"scripts":	[],
	"camera":	{
		"position":	{
			"x":	0,
			"y":	0,
			"z":	0
		},
		"rotation":	{
			"x":	0,
			"y":	0,
			"z":	0
		}
	}
}