{
	"ads":	{
		"direction": {
			"x":	0.0,
			"y":	0.0,
			"z":	1.0
		},
		"diffuse":	{
			"x":	0.7049180269241333,
			"y":	0.7049180269241333,
			"z":	0.7049180269241333
		},
		"specular":	{
			"x":	0.75,
			"y":	0.65163934230804443,
			"z":	0.65163934230804443
		},
		"ambient":	{
			"x":	0.48770493268966675,
			"y":	0.48770493268966675,
			"z":	0.48770493268966675
		}
	},
	"objects":	[{
			"name":	"Landscape",
			"scale":	50,
			"stencilBufferEnabled":	false,
			"transparent":	false,
			"position":	{
				"x":	-56.158531188964844,
				"y":	34.7584114074707,
				"z":	100
			},
			"rotation":	{
				"x":	180,
				"y":	0,
				"z":	0
			},
			"rotationFrameEnabled":	false,
			"scripts":	[],
			"shaders":	[],
			"model":	"../assets/models/landscape03.fbx",
			"enableLights":	false,
			"type":	"Mesh3D"
		}, {
			"name":	"added_item_96",
			"scale":	11.479999542236328,
			"stencilBufferEnabled":	false,
			"transparent":	false,
			"position":	{
				"x":	-1.0653896331787109,
				"y":	0.34420213103294373,
				"z":	47.697353363037109
			},
			"rotation":	{
				"x":	186.5,
				"y":	1.8000019788742065,
				"z":	9.1000003814697266
			},
			"rotationFrameEnabled":	false,
			"scripts":	[],
			"shaders":	[],
			"model":	"../assets/models//spaceships/pitbull02.fbx",
			"enableLights":	false,
			"type":	"Mesh3D"
		}],
	"shaders":	[],
	"scripts":	[],
	"camera":	{
		"position":	{
			"x":	0.16973131895065308,
			"y":	0.029383411630988121,
			"z":	0.097352489829063416
		},
		"rotation":	{
			"x":	0,
			"y":	0,
			"z":	0
		}
	}
}