{
	"ads":	{
		"direction":	{
			"x":	0.44243398308753967,
			"y":	-0.12953059375286102,
			"z":	1
		},
		"diffuse":	{
			"x":	0.49050390720367432,
			"y":	0.52868854999542236,
			"z":	0.34234750270843506
		},
		"specular":	{
			"x":	0.8401639461517334,
			"y":	0.0791957899928093,
			"z":	0.0791957899928093
		},
		"ambient":	{
			"x":	0.45901638269424438,
			"y":	0.45901638269424438,
			"z":	0.45901638269424438
		}
	},
	"objects":	[{
			"name":	"Shuttle",
			"scale":	6.2699999809265137,
			"stencilBufferEnabled":	false,
			"transparent":	false,
			"position":	{
				"x":	-38.833465576171875,
				"y":	-3.2702231407165527,
				"z":	125.84011840820312
			},
			"rotation":	{
				"x":	134.5,
				"y":	47.600002288818359,
				"z":	-5.4000000953674316
			},
			"rotationFrameEnabled":	true,
			"rotationFrame":	{
				"x":	0.05000000074505806,
				"y":	0,
				"z":	0
			},
			"scripts":	[],
			"shaders":	[],
			"model":	"../assets/models//spaceShuttle.fbx",
			"enableLights":	false,
			"type":	"Mesh3D"
		}, {
			"name":	"Spaceship",
			"scale":	18.69999885559082,
			"stencilBufferEnabled":	false,
			"transparent":	false,
			"position":	{
				"x":	-1924.10595703125,
				"y":	-2839.042724609375,
				"z":	505.0865478515625
			},
			"rotation":	{
				"x":	83.300003051757812,
				"y":	-34.099998474121094,
				"z":	23.600002288818359
			},
			"rotationFrameEnabled":	false,
			"scripts":	[{
					"name":	"MoveForwardObject.lua",
					"types":	[{
							"name":	"speed",
							"type":	"float",
							"value":	0.05000000074505806
						}]
				}],
			"shaders":	[],
			"model":	"../assets/models//spaceships/spaceship_gray_02.fbx",
			"enableLights":	false,
			"type":	"Mesh3D"
		}, {
			"name":	"Station",
			"scale":	1.3600000143051147,
			"stencilBufferEnabled":	false,
			"transparent":	false,
			"position":	{
				"x":	-1.1459426879882812,
				"y":	15.824780464172363,
				"z":	35.540119171142578
			},
			"rotation":	{
				"x":	90,
				"y":	0,
				"z":	0
			},
			"rotationFrameEnabled":	true,
			"rotationFrame":	{
				"x":	0,
				"y":	0.10000000149011612,
				"z":	0
			},
			"scripts":	[],
			"shaders":	[],
			"model":	"../assets/models//stations/station02.fbx",
			"enableLights":	false,
			"type":	"Mesh3D"
		}, {
			"name":	"Planet",
			"scale":	2,
			"stencilBufferEnabled":	false,
			"transparent":	false,
			"position":	{
				"x":	-0.26321902871131897,
				"y":	-16.675283432006836,
				"z":	135.14012145996094
			},
			"rotation":	{
				"x":	92.5999984741211,
				"y":	-20.899999618530273,
				"z":	0
			},
			"rotationFrameEnabled":	true,
			"rotationFrame":	{
				"x":	0.0099999997764825821,
				"y":	0.0099999997764825821,
				"z":	0
			},
			"scripts":	[],
			"shaders":	[],
			"model":	"../assets/models//planets/planet_d.fbx",
			"enableLights":	false,
			"type":	"Mesh3D"
		}, {
			"name":	"Rings",
			"scale":	1.7899999618530273,
			"stencilBufferEnabled":	false,
			"transparent":	false,
			"position":	{
				"x":	-0.76322054862976074,
				"y":	-17.775283813476562,
				"z":	121.94013214111328
			},
			"rotation":	{
				"x":	107.59999847412109,
				"y":	-11.40000057220459,
				"z":	46.800003051757812
			},
			"rotationFrameEnabled":	false,
			"scripts":	[],
			"shaders":	[],
			"model":	"../assets/models//planets/planet_ring.fbx",
			"enableLights":	false,
			"type":	"Mesh3D"
		}, {
			"name":	"Light",
			"scale":	1,
			"stencilBufferEnabled":	false,
			"transparent":	false,
			"position":	{
				"x":	-1.3066381216049194,
				"y":	9.1091213226318359,
				"z":	39.901229858398438
			},
			"rotation":	{
				"x":	0,
				"y":	0,
				"z":	0
			},
			"rotationFrameEnabled":	false,
			"scripts":	[{
					"name":	"MoveUpDownObject.lua",
					"types":	[{
							"name":	"speed",
							"type":	"float",
							"value":	0.05000000074505806
						}]
				}],
			"shaders":	[],
			"ambient":	{
				"x":	0.05000000074505806,
				"y":	0.05000000074505806,
				"z":	0.05000000074505806
			},
			"diffuse":	{
				"x":	0.95081967115402222,
				"y":	0.08010806143283844,
				"z":	0.0350712314248085
			},
			"specular":	{
				"x":	0.62295079231262207,
				"y":	0.21445843577384949,
				"z":	0
			},
			"constant":	0.20999999344348907,
			"linear":	-0.15000000596046448,
			"quadratic":	0.032000001519918442,
			"type":	"LightPoint3D"
		}],
	"shaders":	[],
	"scripts":	[],
	"camera":	{
		"position":	{
			"x":	-0.43999984860420227,
			"y":	-0.32999995350837708,
			"z":	0.10123036056756973
		},
		"rotation":	{
			"x":	0,
			"y":	0,
			"z":	0
		}
	}
}